Kích thước màn hình,Độ phân giải,Tần số quét,Độ phủ màu,Công nghệ màn hình,data_id,Tấm nền,Màn hình cảm ứng
"15.6""",Full HD (1920 x 1080),60Hz,45% NTSC,"['Chống chói Anti Glare', '250 nits']",327098,,
"15.6""",Full HD (1920 x 1080),60Hz,45% NTSC,"['Chống chói Anti Glare', '250 nits']",311178,TN,
"15.3""",WUXGA (1920 x 1200),60Hz,45% NTSC,"['Chống chói Anti Glare', '300 nits']",334442,IPS,
"13.6""",Liquid Retina (2560 x 1664),Hãng không công bố,,"['Wide color (P3)', '500 nits brightness', 'True Tone Technology', '1 tỷ màu']",335362,IPS,
"15.6""",Full HD (1920 x 1080),120Hz,45% NTSC,"['Chống chói Anti Glare', 'LED Backlit', '250 nits', 'WVA']",337470,,
"15.6""",Full HD (1920 x 1080),60Hz,45% NTSC,"['TFT', 'LED Backlit', 'Acer ComfyView']",336967,,
"15.6""",Full HD (1920 x 1080),120Hz,,"['Chống chói Anti Glare', '250 nits', 'WVA']",321192,,
"14""",Full HD (1920 x 1080),60Hz,45% NTSC,"['Chống chói Anti Glare', '250 nits']",338207,IPS,
"15.6""",Full HD (1920 x 1080),60Hz,45% NTSC,"['Chống chói Anti Glare', 'LED Backlit', '250 nits']",334792,,
"16""",WUXGA (1920 x 1200),60Hz,45% NTSC,"['Chống chói Anti Glare', '300 nits']",334450,IPS,
"15.6""",Full HD (1920 x 1080),165 Hz,45% NTSC,Acer ComfyView,333427,IPS,
"15.6""",Full HD (1920 x 1080),144Hz,45% NTSC,Chống chói Anti Glare,326124,IPS,
"13.6""",Liquid Retina (2560 x 1664),Hãng không công bố,,"['Wide color (P3)', '500 nits brightness', 'True Tone Technology', '1 tỷ màu']",289472,,
"15.6""",Full HD (1920 x 1080),120Hz,45% NTSC,"['Chống chói Anti Glare', 'LED Backlit', 'WVA']",334803,,
"15.6""",Full HD (1920 x 1080),144Hz,100% sRGB,"['Chống chói Anti Glare', '300 nits']",335556,IPS,
"15.6""",Full HD (1920 x 1080),60Hz,45% NTSC,"['Chống chói Anti Glare', 'LED Backlit', '250 nits']",338323,IPS,
"15.6""",Full HD (1920 x 1080),60Hz,62.5% sRGB,"['Chống chói Anti Glare', '250 nits']",326050,,
"14""",WUXGA (1920 x 1200),60Hz,45% NTSC,"['LED Backlit', '300 nits', 'Acer ComfyView']",334996,IPS,
"15.6""",Full HD (1920 x 1080),60Hz,45% NTSC,Chống chói Anti Glare,331362,IPS,
"15.6""",Full HD (1920 x 1080),60Hz,,"['Chống chói Anti Glare', '300 nits']",325500,IPS,
"15.6""",2.8K (2880 x 1620) - OLED,120Hz,100% DCI-P3,"['Màn hình bảo vệ mắt - EYE CARE', 'Chuẩn DisplayHDR True Black 600', 'Low Blue Light', '600 nits (Khi bật HDR)', '1.07 tỷ màu']",340564,,
"15.6""",Full HD (1920 x 1080),120Hz,45% NTSC,"['Chống chói Anti Glare', 'LED Backlit', '250 nits', 'WVA']",338311,,
"15.6""",Full HD (1920 x 1080),60Hz,62.5% sRGB,"['Chống chói Anti Glare', '250 nits']",323920,,
"15.6""",Full HD (1920 x 1080),60Hz,45% NTSC,"['TFT', '220 nits', 'LED Backlit', 'Acer ComfyView']",334997,,
"15.3""",Liquid Retina,Hãng không công bố,,"['Wide color (P3)', '500 nits brightness', 'True Tone Technology', '1 tỷ màu']",335372,IPS,
"15.6""",Full HD (1920 x 1080),144Hz,45% NTSC,"['Chống chói Anti Glare', '250 nits']",326279,IPS,
"15.6""",Full HD (1920 x 1080),60Hz,,Chống chói Anti Glare,310449,IPS,
"15.6""",Full HD (1920 x 1080),Hãng không công bố,45% NTSC,"['Chống chói Anti Glare', '250 nits']",340486,IPS,
"15.3""",WUXGA (1920 x 1200),60Hz,45% NTSC,"['Chống chói Anti Glare', '300 nits']",334446,IPS,
"14""",Full HD (1920 x 1080),60Hz,45% NTSC,"['Chống chói Anti Glare', '250 nits']",339679,IPS,
"15.6""",Full HD (1920 x 1080),165 Hz,45% NTSC,Acer ComfyView,333430,IPS,
"15.6""",Full HD (1920 x 1080),144Hz,45% NTSC,"['Chống chói Anti Glare', '250 nits']",328235,IPS,
"15.6""",Full HD (1920 x 1080),144Hz,45% NTSC,"['Chống chói Anti Glare', '250 nits']",321467,IPS,
"14""",WUXGA (1920 x 1200) - OLED,60Hz,100% DCI-P3,"['Chuẩn DisplayHDR True Black 500', 'Low Blue Light', '400 nits']",337233,OLED,
"16""",WUXGA (1920 x 1200),144Hz,45% NTSC,"['Chống chói Anti Glare', 'LED Backlit', '300 nits']",328237,,
"14""",Full HD (1920 x 1080),60Hz,45% NTSC,"['Chống chói Anti Glare', '250 nits']",337420,IPS,
"15.6""",Full HD (1920 x 1080),60Hz,45% NTSC,"['Chống chói Anti Glare', 'LED Backlit', 'Acer ComfyView']",334999,IPS,
"15.6""",Full HD (1920 x 1080),144Hz,62.5% sRGB,"['Chống chói Anti Glare', '300 nits']",338204,IPS,
"15.6""",Full HD (1920 x 1080),144Hz,45% NTSC,Chống chói Anti Glare,329786,IPS,
"16""",WQXGA (2560 x 1600),120Hz,100% sRGB,"['300 nits', 'ComfortView Plus']",341563,,
"14""",Full HD (1920 x 1080),60Hz,62.5% sRGB,300 nits,326830,IPS,Cảm ứng
"14""",Full HD (1920 x 1080),60Hz,45% NTSC,"['Chống chói Anti Glare', 'LED Backlit', '250 nits']",339683,IPS,
"15.6""",Full HD (1920 x 1080),120Hz,45% NTSC,"['Chống chói Anti Glare', 'LED Backlit', '250 nits', 'WVA']",333886,,
"15.6""",Full HD (1920 x 1080),144Hz,100% sRGB,"['Chống chói Anti Glare', '300 nits']",332365,IPS,
"15.6""",Full HD (1920 x 1080),120Hz,,WVA,333104,,
"15.6""",Full HD (1920 x 1080),60Hz,45% NTSC,"['Chống chói Anti Glare', '250 nits']",311176,IPS,
"15.6""",Full HD (1920 x 1080),144Hz,45% NTSC,,341612,IPS,
"15.6""",Full HD (1920 x 1080),60Hz,45% NTSC,"['LED-backlit TFT LCD', 'Wide viewing angle', 'Acer ComfyView']",343120,IPS,
"15.6""",Full HD (1920 x 1080),144Hz,100% sRGB,"['Low Blue Light', 'G-Sync', 'Chống chói Anti Glare']",335554,,
"15.6""",Full HD (1920 x 1080),120Hz,,"['Chống chói Anti Glare', 'LED Backlit', 'WVA']",325247,,
"15.6""",Full HD (1920 x 1080),60Hz,62.5% sRGB,"['Chống chói Anti Glare', '250 nits']",325691,,
"16""",WUXGA (1920 x 1200),144Hz,45% NTSC,"['Chống chói Anti Glare', 'LED Backlit', '300 nits']",328238,,
"14""",Full HD (1920 x 1080),60Hz,45% NTSC,"['Chống chói Anti Glare', '250 nits']",338206,IPS,
"15.6""",Full HD (1920 x 1080),144Hz,"['100% sRGB', '75.35% Adobe RGB', '72% NTSC']","['G-Sync', 'Chống chói Anti Glare', '250 nits']",327872,IPS,
"15.6""",Full HD (1920 x 1080),120Hz,45% NTSC,"['Chống chói Anti Glare', '250 nits', 'WVA']",337476,,
"14""",Full HD (1920 x 1080),60Hz,45% NTSC,"['Chống chói Anti Glare', '250 nits']",326049,IPS,
"14.2""",Liquid Retina XDR display (3024 x 1964),up to 120 Hz,,"['ProMotion', 'Độ sáng XDR: toàn màn hình 1000 nits, cao nhất 1600 nits (chỉ nội dung HDR)', 'Độ sáng SDR: lên đến 1000 nits', 'Wide color (P3)', 'True Tone Technology', '1 tỷ màu']",331564,,
"15.6""",Full HD (1920 x 1080),144Hz,45% NTSC,Chống chói Anti Glare,326122,IPS,
"15.6""",Full HD (1920 x 1080),60Hz,45% NTSC,"['LED-backlit TFT LCD', 'Wide viewing angle', 'Acer ComfyView']",343121,IPS,
"16""",Full HD+,144Hz,45% NTSC,"['Thời gian phản hồi: 3 ms', 'Chống chói Anti Glare', '300 nits']",339687,IPS,
"15.6""",Full HD (1920 x 1080),144Hz,100% sRGB,"['Low Blue Light', 'G-Sync', 'Chống chói Anti Glare', '300 nits']",338278,IPS,
"16""",WUXGA (1920 x 1200),144Hz,45% NTSC,"['Chống chói Anti Glare', 'LED Backlit', '300 nits']",338324,IPS,
"15.6""",Full HD (1920 x 1080),120Hz,45% NTSC,"['Chống chói Anti Glare', '250 nits', 'WVA']",337474,,
"15.6""",Full HD (1920 x 1080),60Hz,45% NTSC,"['Chống chói Anti Glare', '250 nits']",311177,IPS,
"15.6""",Full HD (1920 x 1080),144Hz,100% sRGB,"['Low Blue Light', 'G-Sync', 'Chống chói Anti Glare', '300 nits']",322072,IPS,
"14""",Full HD (1920 x 1080),60Hz,45% NTSC,"['Chống chói Anti Glare', '250 nits']",328906,IPS,
"15.6""",Full HD (1920 x 1080),144Hz,45% NTSC,,310447,IPS,
"15.6""",Full HD (1920 x 1080),60Hz,45% NTSC,"['LED-backlit TFT LCD', 'Wide viewing angle', 'Acer ComfyView']",343122,IPS,
"15.6""",Full HD (1920 x 1080),120Hz,40% NTSC,"['Chống chói Anti Glare', 'LED Backlit', '250 nits', 'WVA']",339681,,
"15.6""",Full HD (1920 x 1080),120Hz,,WVA,340560,,
"15.6""",Full HD (1920 x 1080),60Hz,62.5% sRGB,Chống chói Anti Glare,341270,,
"15.6""",Full HD (1920 x 1080),144Hz,"['62.5% sRGB', '47.34% Adobe RGB', '45% NTSC']","['Chống chói Anti Glare', 'Adaptive-Sync', '250 nits']",330162,IPS,
"15.6""",Full HD (1920 x 1080),60Hz,45% NTSC,"['Chống chói Anti Glare', 'LED Backlit', '250 nits']",338318,IPS,
"15.6""",Full HD (1920 x 1080),144Hz,45% NTSC,"['Chống chói Anti Glare', '250 nits']",318163,IPS,
"15.6""",Full HD (1920 x 1080),144Hz,100% sRGB,"['Low Blue Light', 'G-Sync', 'Chống chói Anti Glare', '300 nits']",339857,IPS,
"15.6""",Full HD (1920 x 1080),144Hz,100% sRGB,"['Low Blue Light', 'G-Sync', 'Chống chói Anti Glare']",335553,,
"14""",Full HD (1920 x 1080),60Hz,45% NTSC,"['Chống chói Anti Glare', '250 nits']",328814,IPS,
"15.6""",Full HD (1920 x 1080),144Hz,45% NTSC,"['Chống chói Anti Glare', '250 nits']",327707,IPS,
"14.2""",Liquid Retina XDR display (3024 x 1964),up to 120 Hz,,"['ProMotion', 'Độ sáng XDR: toàn màn hình 1000 nits, cao nhất 1600 nits (chỉ nội dung HDR)', 'Độ sáng SDR: lên đến 1000 nits', 'Wide color (P3)', 'True Tone Technology', '1 tỷ màu']",331566,,
"15.6""",Full HD (1920 x 1080),165 Hz,100% sRGB,"['Wide viewing angle', 'LCD', 'TFT', 'Chống chói Anti Glare', 'LED Backlit', 'Acer ComfyView']",341607,IPS,
"15.6""",Full HD (1920 x 1080),144Hz,100% sRGB,"['Low Blue Light', 'G-Sync', 'Chống chói Anti Glare', '300 nits']",327050,IPS,
"15.6""",Full HD (1920 x 1080),120Hz,45% NTSC,"['Chống chói Anti Glare', '250 nits', 'WVA']",340559,,
"15.6""",Full HD (1920 x 1080),60Hz,45% NTSC,"['Chống chói Anti Glare', 'LED Backlit', '250 nits']",336036,IPS,
"15.6""",Full HD (1920 x 1080),144Hz,45% NTSC,"['Acer ComfyView', '250 nits']",325697,IPS,
"15.6""",Full HD (1920 x 1080),144Hz,45% NTSC,Acer ComfyView,334998,IPS,
"15.6""",2.8K (2880 x 1620) - OLED,120Hz,100% DCI-P3,"['Thời gian phản hồi 0.2 ms', 'Màn hình bảo vệ mắt - EYE CARE', 'Chuẩn DisplayHDR True Black 600', 'Low Blue Light', '600 nits (Khi bật HDR)', '1.07 tỷ màu']",328949,OLED,
"16""",WUXGA (1920 x 1200),Hãng không công bố,62.5% sRGB,"['Chống chói Anti Glare', '300 nits']",337042,IPS,
"14""",Full HD (1920 x 1080),60Hz,62.5% sRGB,300 nits,326831,IPS,Cảm ứng
"15.6""",Full HD (1920 x 1080),60Hz,62.5% sRGB,"['Chống chói Anti Glare', '300 nits']",327097,IPS,
"14""",WUXGA (1920 x 1200) - OLED,60Hz,100% DCI-P3,"['Chuẩn DisplayHDR True Black 500', '400 nits']",335555,OLED,
"15.6""",Full HD (1920 x 1080),120Hz,,"['Chống chói Anti Glare', 'LED Backlit', 'WVA']",333103,,
"16""",Full HD+ (1920 x 1200),60Hz,45% NTSC,"['LED Backlit', 'Acer ComfyView', 'WVA']",341602,IPS,
"15.6""",Full HD (1920 x 1080),144Hz,45% NTSC,"['Chống chói Anti Glare', '250 nits']",330932,IPS,
"15.6""",Full HD (1920 x 1080),144Hz,45% NTSC,"['Chống chói Anti Glare', '250 nits']",334689,IPS,
"15.6""",Full HD (1920 x 1080),120Hz,45% NTSC,"['Chống chói Anti Glare', '250 nits', 'WVA']",338316,,
"15.6""",Full HD (1920 x 1080),Hãng không công bố,62.5% sRGB,"['Chống chói Anti Glare', '250 nits']",341618,IPS,
"16""",WUXGA (1920 x 1200),144Hz,45% NTSC,"['Chống chói Anti Glare', 'LED Backlit', '300 nits']",338322,IPS,
"15.6""",Full HD (1920 x 1080),120Hz,,WVA,333102,,
"16""",WUXGA (1920 x 1200),60Hz,45% NTSC,"['Chống chói Anti Glare', '300 nits']",334794,IPS,
"14""",Full HD+ (1920 x 1200),60Hz,45% NTSC,,339202,IPS,
"14""",WUXGA (1920 x 1200),60Hz,45% NTSC,"['LED Backlit', 'Acer ComfyView']",322222,IPS,
"15.6""",Full HD (1920 x 1080),Hãng không công bố,45% NTSC,"['Chống chói Anti Glare', '250 nits']",340479,IPS,
"14""",WUXGA (1920 x 1200) - OLED,60Hz,100% DCI-P3,"['Chuẩn DisplayHDR True Black 500', '400 nits']",334449,OLED,
"14""",WUXGA (1920 x 1200) - OLED,60Hz,100% DCI-P3,"['Chuẩn DisplayHDR True Black 500', '400 nits']",339587,OLED,
"14.2""",Liquid Retina XDR display (3024 x 1964),up to 120 Hz,,"['ProMotion', 'Độ sáng XDR: toàn màn hình 1000 nits, cao nhất 1600 nits (chỉ nội dung HDR)', 'Độ sáng SDR: lên đến 1000 nits', 'Wide color (P3)', 'True Tone Technology', '1 tỷ màu']",331568,,
"15.6""",Full HD (1920 x 1080),144Hz,45% NTSC,Chống chói Anti Glare,326861,IPS,
"16""",WUXGA (1920 x 1200),Hãng không công bố,62.5% sRGB,"['Chống chói Anti Glare', '300 nits']",337044,IPS,
"14""",WUXGA (1920 x 1200) - OLED,60Hz,100% DCI-P3,"['Chuẩn DisplayHDR True Black 500', '400 nits']",339581,OLED,
"15.6""",Full HD (1920 x 1080),120Hz,,WVA,337472,,
"14""",Full HD (1920 x 1080),Hãng không công bố,,"['Chống chói Anti Glare', '300 nits']",340491,IPS,
"14""",Full HD (1920 x 1080),60Hz,45% NTSC,"['Chống chói Anti Glare', 'LED Backlit', '250 nits']",322270,,
"14""",WUXGA (1920 x 1200),60Hz,45% NTSC,"['Chống chói Anti Glare', 'LED Backlit', '300 nits']",338320,IPS,
"15.6""",Full HD (1920 x 1080),144Hz,,Acer ComfyView,313177,IPS,
"15.6""",Full HD (1920 x 1080),Hãng không công bố,45% NTSC,"['Chống chói Anti Glare', '250 nits']",340484,IPS,
"15.6""",Full HD (1920 x 1080),60Hz,,Acer ComfyView,314630,IPS,
"15.6""",Full HD (1920 x 1080),120Hz,45% NTSC,"['Chống chói Anti Glare', '250 nits', 'WVA']",337475,,
"15.6""",Full HD (1920 x 1080),144Hz,45% NTSC,Chống chói Anti Glare,340004,IPS,
"15.6""",Full HD (1920 x 1080),120Hz,45% NTSC,"['Chống chói Anti Glare', '250 nits', 'WVA']",340558,,
"16""",WUXGA (1920 x 1200),60Hz,45% NTSC,"['Chống chói Anti Glare', '300 nits']",334795,IPS,
"15.6""",Full HD (1920 x 1080),144Hz,"['100% sRGB', '75.35% Adobe RGB', '72% NTSC']","['G-Sync', 'Chống chói Anti Glare', '250 nits']",327896,IPS,
"15.6""",Full HD (1920 x 1080),Hãng không công bố,45% NTSC,"['Chống chói Anti Glare', '250 nits']",340478,IPS,
"15.6""",Full HD (1920 x 1080),120Hz,45% NTSC,"['Chống chói Anti Glare', '250 nits', 'WVA']",337473,,
"16""",Full HD+,60Hz,45% NTSC,"['TFT', 'LED Backlit', 'Acer ComfyView']",333421,,
"15.6""",Full HD (1920 x 1080),60Hz,45% NTSC,Acer ComfyView,332578,IPS,
"14""",Full HD (1920 x 1080),Hãng không công bố,62.5% sRGB,300 nits,340481,IPS,Cảm ứng
"15.6""",Full HD (1920 x 1080),60Hz,,"['Low Blue Light', 'Chống chói Anti Glare', '300 nits']",322073,IPS,
"15.1""",WQXGA (2560 x 1600) OLED,165 Hz,100% DCI-P3,"['Chuẩn DisplayHDR True Black 600', '500 nits Glossy', 'Dolby Vision']",340487,OLED,
"14.2""",Liquid Retina XDR display (3024 x 1964),up to 120 Hz,,"['ProMotion', 'Độ sáng XDR: toàn màn hình 1000 nits, cao nhất 1600 nits (chỉ nội dung HDR)', 'Độ sáng SDR: lên đến 1000 nits', 'Wide color (P3)', 'Màn hình Nano-texture', 'True Tone Technology', '1 tỷ màu']",332450,,
"15.6""",Full HD (1920 x 1080),144Hz,,Chống chói Anti Glare,308697,IPS,
"14""",Full HD (1920 x 1080),60Hz,,Chống chói Anti Glare,317704,TN,
"16""",3.2K (3200 x 2000) OLED 16:10,120Hz,100% DCI-P3,"['Chuẩn DisplayHDR True Black 600', 'Low Blue Light', '400 nits', '600 nits (Khi bật HDR)', '1.07 tỷ màu']",325479,OLED,
"15.6""",Full HD (1920 x 1080),120Hz,45% NTSC,"['Chống chói Anti Glare', 'LED Backlit', '250 nits', 'WVA']",333105,,
"15.6""",Full HD (1920 x 1080),120Hz,45% NTSC,"['Chống chói Anti Glare', 'LED Backlit', 'WVA']",337469,,
"16""",WUXGA (1920 x 1200),Hãng không công bố,62.5% sRGB,"['Chống chói Anti Glare', '300 nits']",337041,IPS,
"16""",Full HD+,60Hz,45% NTSC,"['TFT', 'LED Backlit', 'Acer ComfyView']",333423,,
"15.6""",Full HD (1920 x 1080),144Hz,45% NTSC,"['LED-backlit TFT LCD', 'Wide viewing angle', 'Acer ComfyView']",341604,IPS,
"16.1""",Full HD (1920 x 1080),144Hz,45% NTSC,"['Chống chói Anti Glare', '250 nits']",313974,IPS,
"16""",WUXGA (1920 x 1200),60Hz,,"['Chống chói Anti Glare', '300 nits']",339656,IPS,
"16""",WUXGA (1920 x 1200),60Hz,45% NTSC,"['Chống chói Anti Glare', '300 nits']",332370,IPS,
"15.6""",Full HD (1920 x 1080),144Hz,,,314849,IPS,
"14""",WUXGA (1920 x 1200) - OLED,60Hz,100% DCI-P3,"['Low Blue Light', '400 nits']",334440,OLED,Cảm ứng
"15.6""",Full HD (1920 x 1080),120Hz,45% NTSC,"['Chống chói Anti Glare', 'LED Backlit', '250 nits']",342469,WVA,
"15.6""",Full HD (1920 x 1080),60Hz,45% NTSC,"['Chống chói Anti Glare', 'LED Backlit']",327977,,
"15.6""",Full HD (1920 x 1080),144Hz,"['62.5% sRGB', '47.34% Adobe RGB', '45% NTSC']","['Chống chói Anti Glare', 'Adaptive-Sync', '250 nits']",330578,,
"16""",WUXGA (1920 x 1200),Hãng không công bố,62.5% sRGB,"['Chống chói Anti Glare', '300 nits']",337043,IPS,
"15.6""",Full HD (1920 x 1080),144Hz,45% NTSC,Acer ComfyView,319657,IPS,
"14""",Full HD+,60Hz,,"['Chống chói Anti Glare', '250 nits', 'WVA']",325953,,
"14""",2.8K (2880 x 1800) - OLED,48 - 120 Hz,100% DCI-P3,"['Thời gian phản hồi 0.2 ms', 'Low Blue Light', 'LED UWVA', 'Corning Gorilla Glass 3', '400 nits', '500 nits (Khi bật HDR)']",331506,OLED,Cảm ứng
"16""",Full HD+,60Hz,45% NTSC,"['TFT', 'Chống chói Anti Glare', 'LED Backlit', 'Acer ComfyView']",333424,,
"14""",Full HD (1920 x 1080),60Hz,45% NTSC,"['Chống chói Anti Glare', '300 nits']",326641,IPS,
"14""",WUXGA (1920 x 1200),60Hz,45% NTSC,"['Chống chói Anti Glare', '300 nits']",339652,IPS,
"16""",QHD+ (2560 x 1600),240Hz,100% DCI-P3,,322100,IPS,
"15.6""",Full HD (1920 x 1080),120Hz,,"['Chống chói Anti Glare', 'LED Backlit', '250 nits', 'WVA']",329853,,
"15.6""",Full HD (1920 x 1080),144Hz,"['100% sRGB', '75.35% Adobe RGB', '72% NTSC']","['G-Sync', 'Chống chói Anti Glare', '250 nits']",327898,IPS,
"15.6""",Full HD (1920 x 1080),120Hz,,"['Chống chói Anti Glare', '250 nits']",341568,,
"15.6""",Full HD (1920 x 1080) OLED,60Hz,100% DCI-P3,"['Thời gian phản hồi 0.2 ms', 'Màn hình bảo vệ mắt - EYE CARE', 'Chuẩn DisplayHDR True Black 600', 'Low Blue Light', '600 nits', '1.07 tỷ màu']",310839,OLED,
"14""",Full HD (1920 x 1080),Hãng không công bố,62.5% sRGB,300 nits,340483,IPS,Cảm ứng
"14""",Full HD+ (1920 x 1200),60Hz,45% NTSC,"['Display with ComfortView', 'Chống chói Anti Glare', '250 nits', 'WVA']",338312,,
"16""",Full HD+ (1920 x 1200),165 Hz,45% NTSC,"['TFT', 'LED Backlit', 'Acer ComfyView', 'WVA']",339201,,
"15.6""",Full HD (1920 x 1080),60Hz,45% NTSC,"['Acer ComfyView', '250 nits']",325699,IPS,
"16""",WUXGA (1920 x 1200),60Hz,,"['Chống chói Anti Glare', '300 nits']",339653,IPS,
"14""",Full HD (1920 x 1080),60Hz,45% NTSC,300 nits,329736,IPS,
"13.3""",WUXGA (1920 x 1200),Hãng không công bố,100% sRGB,"['Chống chói Anti Glare', '400 nits']",339265,IPS,
"14""",Full HD (1920 x 1080),60Hz,45% NTSC,Chống chói Anti Glare,327710,IPS,
"15.6""",2.8K (2880 x 1620) - OLED,120Hz,100% DCI-P3,"['Màn hình bảo vệ mắt - EYE CARE', 'Chuẩn DisplayHDR True Black 600', 'Low Blue Light', '600 nits (Khi bật HDR)', '1.07 tỷ màu']",340565,OLED,
"15.6""",Full HD (1920 x 1080),120Hz,,"['Chống chói Anti Glare', '250 nits']",340562,IPS,
"15.6""",2.8K (2880 x 1620) - OLED,120Hz,100% DCI-P3,"['Thời gian phản hồi 0.2 ms', 'Màn hình bảo vệ mắt - EYE CARE', 'Chuẩn DisplayHDR True Black 600', 'Low Blue Light', '600 nits (Khi bật HDR)', '1.07 tỷ màu']",325477,OLED,
"15.6""",Full HD (1920 x 1080),144Hz,100% sRGB,"['G-Sync', 'Chống chói Anti Glare', '300 nits']",342526,IPS,
"14""",Full HD (1920 x 1080),60Hz,45% NTSC,"['Chống chói Anti Glare', '250 nits']",323325,IPS,
"14""",Full HD+,60Hz,45% NTSC,"['Display with ComfortView', 'Chống chói Anti Glare', '250 nits', 'WVA']",329852,,Cảm ứng
"16""",Full HD+,60Hz,45% NTSC,"['TFT', 'Chống chói Anti Glare', 'LED Backlit', 'Acer ComfyView']",333425,,
"16""",WUXGA (1920 x 1200),60Hz,45% NTSC,"['Chống chói Anti Glare', '300 nits']",339655,IPS,
"15.6""",Full HD (1920 x 1080),60Hz,,BrightView,302209,IPS,
"15.6""",Full HD (1920 x 1080),144Hz,45% NTSC,,338000,IPS,
"16""",WUXGA (1920 x 1200),60Hz,,"['Chống chói Anti Glare', '300 nits']",309375,IPS,
"14""",Full HD (1920 x 1080),60Hz,45% NTSC,"['Chống chói Anti Glare', 'LED Backlit', '250 nits']",335170,,
"14""",Full HD+ (1920 x 1200),60Hz,45% NTSC,"['Chống chói Anti Glare', '250 nits']",325244,IPS,
"16.1""",Full HD (1920 x 1080),144Hz,45% NTSC,"['Chống chói Anti Glare', '250 nits']",328443,IPS,
"15.1""",WQXGA (2560 x 1600) OLED,165 Hz,,"['Chuẩn DisplayHDR True Black 600', 'Low Blue Light', '500 nits brightness']",338279,OLED,
"15.6""",Full HD (1920 x 1080),60Hz,,"['TFT', 'LED Backlit', 'Acer ComfyView']",304543,,
"14""",WUXGA (1920 x 1200),60Hz,45% NTSC,"['Low Blue Light', 'Chống chói Anti Glare', '300 nits']",332368,IPS,
"14""",Full HD+ (1920 x 1200),60Hz,45% NTSC,"['TFT', 'LED Backlit', '300 nits', 'Acer ComfyView']",326637,,
"16.1""",Full HD (1920 x 1080),144Hz,45% NTSC,"['Chống chói Anti Glare', '250 nits']",329429,IPS,
"15.6""",Full HD (1920 x 1080),120Hz,45% NTSC,"['Chống chói Anti Glare', '250 nits', 'WVA']",328474,,
"15.6""",Full HD (1920 x 1080),144Hz,100% sRGB,"['Low Blue Light', 'G-Sync', 'Chống chói Anti Glare', '300 nits']",328483,IPS,
"15.6""",Full HD (1920 x 1080),144Hz,45% NTSC,"['Wled-backlit', 'Chống chói Anti Glare']",316941,IPS,
"14""",Full HD (1920 x 1080),60Hz,45% NTSC,"['Chống chói Anti Glare', 'LED Backlit', '250 nits']",317712,,
"15.6""",Full HD (1920 x 1080),120Hz,45% NTSC,"['Chống chói Anti Glare', '250 nits']",340561,IPS,
"15.6""",Full HD (1920 x 1080),120Hz,45% NTSC,"['Chống chói Anti Glare', '250 nits', 'WVA']",338317,,
"16""",Full HD+ (1920 x 1200),165 Hz,100% sRGB,"['G-Sync', 'Chống chói Anti Glare', '250 nits']",333094,IPS,
"13.3""",Full HD (1920 x 1080),60Hz,45% NTSC,"['Chống chói Anti Glare', '250 nits']",323335,IPS,
"15.6""",Full HD (1920 x 1080),144Hz,,"['LED Backlit', 'Acer ComfyView']",272282,IPS,
"16.1""",Full HD (1920 x 1080),144Hz,45% NTSC,"['Chống chói Anti Glare', '250 nits']",313973,IPS,
"15.6""",Full HD (1920 x 1080),60Hz,45% NTSC,Acer ComfyView,321436,IPS,
"15.6""",Full HD (1920 x 1080),60Hz,45% NTSC,"['Low Blue Light', 'Chống chói Anti Glare', '300 nits']",329112,IPS,
"15.6""","2K, OLED",120Hz,100% DCI-P3,,336968,OLED,
"14""",WUXGA (1920 x 1200) - OLED,60Hz,100% DCI-P3,"['Chuẩn DisplayHDR True Black 500', '400 nits']",339616,OLED,
"14""",Full HD+ (1920 x 1200),144Hz,100% sRGB,Chống chói Anti Glare,329787,IPS,
"15.6""",Full HD (1920 x 1080),120Hz,,WVA,337471,,
"14""",2.8K (2880 x 1800) - OLED 16:10,120Hz,100% DCI-P3,"['Thời gian phản hồi 0.2 ms', 'Màn hình bảo vệ mắt - EYE CARE', 'Chuẩn DisplayHDR True Black 500', 'Low Blue Light', '400 nits', '500 nits (Khi bật HDR)', '1.07 tỷ màu']",336031,,Cảm ứng
"16""",WUXGA (1920 x 1200),60Hz,45% NTSC,"['Chống chói Anti Glare', 'LED Backlit', '300 nits']",335171,IPS,
"13.3""",WUXGA (1920 x 1200),60Hz,100% sRGB,"['Chống chói Anti Glare', '400 nits']",333872,IPS,
"14""",Full HD+ (1920 x 1200),60Hz,45% NTSC,"['TFT', 'LED Backlit', '300 nits', 'Acer ComfyView']",326876,,
"16""",WUXGA (1920 x 1200),165 Hz,45% NTSC,"['Chống chói Anti Glare', '300 nits']",337843,IPS,
"14""",Full HD (1920 x 1080),60Hz,100% sRGB,"['TFT', 'LED Backlit', '300 nits', 'Acer ComfyView']",327506,,
"14""",2.8K (2880 x 1800) - OLED 16:10,60Hz,100% DCI-P3,"['Thời gian phản hồi 0.2 ms', 'Low Blue Light', '400 nits', '500 nits (Khi bật HDR)', '1.07 tỷ màu']",328815,OLED,Cảm ứng
"15.3""",2.8K (2880 x 1800),120Hz,"['100% sRGB', '100% DCI-P3']","['Low Blue Light', 'Eyesafe', 'anti-fingerprint', '500 nits brightness', 'Dolby Vision']",333197,IPS,Cảm ứng
"16""",QHD+ (2560 x 1600) 16:10,240Hz,100% DCI-P3,"['Chống chói Anti Glare', '500 nits brightness']",339952,IPS,
"15.6""",Full HD (1920 x 1080),60Hz,,"['Chống chói Anti Glare', '250 nits']",313627,IPS,
"16""",WUXGA (1920 x 1200),144Hz,45% NTSC,"['Chống chói Anti Glare', 'LED Backlit', '300 nits']",339688,,
"15.6""",Full HD (1920 x 1080),120Hz,,"['Chống chói Anti Glare', 'LED Backlit', '250 nits', 'WVA']",331508,,
"14""",Full HD+ (1920 x 1200),60Hz,,"['Display with ComfortView', 'Chống chói Anti Glare', '250 nits', 'WVA']",333107,,
"16""",WUXGA (1920 x 1200),165 Hz,"['100% sRGB', '75.35% Adobe RGB', '72% NTSC']","['G-Sync', 'Chống chói Anti Glare', '300 nits']",339684,IPS,
"14""",2.8K (2880 x 1800) - OLED 16:10,48 - 120 Hz,100% DCI-P3,"['Thời gian phản hồi 0.2 ms', 'Low Blue Light', '400 nits', '500 nits (Khi bật HDR)']",338208,OLED,Cảm ứng
"15.6""",Full HD (1920 x 1080),60Hz,45% NTSC,Chống chói Anti Glare,327406,IPS,
"15.6""",Full HD (1920 x 1080),60Hz,45% NTSC,"['Acer ComfyView', '250 nits']",327507,,
"15.6""",Full HD (1920 x 1080),180 Hz,100% sRGB,"['LCD', 'TFT', 'Chống chói Anti Glare', 'LED Backlit', 'Acer ComfyView', 'eDP Wide View Angle']",341626,IPS,
"15.6""",Full HD (1920 x 1080),180 Hz,100% sRGB,"['Acer ComfyView', 'WVA']",341603,IPS,
"14""",WUXGA (1920 x 1200),60Hz,45% NTSC,"['Low Blue Light', 'Chống chói Anti Glare', '300 nits']",328130,IPS,
"14""",Full HD (1920 x 1080),60Hz,45% NTSC,"['Chống chói Anti Glare', '250 nits']",339954,IPS,
"14""",WUXGA (1920 x 1200) - OLED,60Hz,100% DCI-P3,"['Chuẩn DisplayHDR True Black 500', '400 nits']",326558,OLED,
"16""",WUXGA (1920 x 1200),165 Hz,45% NTSC,"['Chống chói Anti Glare', '250 nits']",337842,IPS,
"14""",Full HD (1920 x 1080),60Hz,45% NTSC,250 nits,338315,,
"16""",WUXGA (1920 x 1200),144Hz,45% NTSC,"['Chống chói Anti Glare', 'LED Backlit', '300 nits']",328951,IPS,
"13.3""",Full HD (1920 x 1080),60Hz,45% NTSC,250 nits,327409,IPS,
"15.6""",2.8K (2880 x 1620) - OLED,120Hz,100% DCI-P3,"['Thời gian phản hồi 0.2 ms', 'Màn hình bảo vệ mắt - EYE CARE', 'Chuẩn DisplayHDR True Black 600', 'Low Blue Light', '600 nits (Khi bật HDR)', '1.07 tỷ màu']",328950,OLED,
"15.6""",Full HD (1920 x 1080),120Hz,45% NTSC,"['Chống chói Anti Glare', '250 nits', 'WVA']",327981,,
"16""",WUXGA (1920 x 1200),Hãng không công bố,95% DCI-P3,"['Chống chói Anti Glare', '300 nits']",341267,IPS,
"15.6""",Full HD (1920 x 1080),144Hz,45% NTSC,"['Acer ComfyView', '250 nits']",318354,IPS,
"14""",Full HD+ (1920 x 1200),144Hz,100% sRGB,,325586,IPS,
"14""",2.8K (2880 x 1800) - OLED 16:10,120Hz,100% DCI-P3,"['Low Blue Light', 'Eyesafe', '500 nits brightness', 'Dolby Vision', 'X-Rite', 'HDR 1000']",338280,OLED,
"15.1""",WQXGA (2560 x 1600) OLED,165 Hz,100% DCI-P3,"['Chuẩn DisplayHDR True Black 600', '500 nits brightness']",335549,OLED,
"14""",2.8K (2880 x 1800),60 - 120 Hz,100% sRGB,"['Acer ComfyView', '400 nits']",325051,IPS,
"16""",Full HD+,144Hz,45% NTSC,"['Chống chói Anti Glare', '300 nits']",339686,IPS,
"15.6""",Full HD (1920 x 1080),120Hz,,WVA,328946,,
"14""",2.8K (2880 x 1800) - OLED,48 - 120 Hz,100% DCI-P3,"['Thời gian phản hồi 0.2 ms', 'Low Blue Light', 'LED UWVA', 'Corning Gorilla Glass 3', '400 nits', '500 nits (Khi bật HDR)']",331526,OLED,Cảm ứng
"15.6""",Full HD (1920 x 1080),60Hz,,BrightView,302533,IPS,
"14""",2.8K (2880 x 1800) - OLED 16:10,90 Hz,100% DCI-P3,"['Thời gian phản hồi 0.2 ms', 'Màn hình bảo vệ mắt - EYE CARE', 'Chuẩn DisplayHDR True Black 600', 'Low Blue Light', '400 nits', '600 nits (Khi bật HDR)', '1.07 tỷ màu']",325480,OLED,
"15.6""",Full HD (1920 x 1080),120Hz,,"['Chống chói Anti Glare', 'WVA']",328473,,
"16""",Full HD+ (1920 x 1200),60Hz,,"['Chống chói Anti Glare', '250 nits', 'WVA', 'ComfortView Plus']",328947,,
"16""",WUXGA (1920 x 1200),60Hz,45% NTSC,"['300 nits', 'Acer ComfyView']",327508,,
"14""",WUXGA (1920 x 1200),60Hz,45% NTSC,"['Chống chói Anti Glare', '300 nits']",342514,IPS,
"14""",2.8K (2880 x 1800) - OLED,120Hz,100% DCI-P3,,325588,OLED,
"14""",Full HD+ (1920 x 1200),60Hz,45% NTSC,"['LED Backlit', 'Acer ComfyView', 'WVA']",329867,,
"15.6""",Full HD (1920 x 1080),144Hz,45% NTSC,,322098,IPS,
"15.6""",Full HD (1920 x 1080),144Hz,,"['Chống chói Anti Glare', '250 nits']",339953,IPS,
"16""",WUXGA (1920 x 1200),165 Hz,45% NTSC,"['Chống chói Anti Glare', '300 nits']",339211,IPS,
"15.6""",Full HD (1920 x 1080),60Hz,45% NTSC,"['Chống chói Anti Glare', 'LED Backlit', '250 nits']",329858,,
"14""",2.8K (2880 x 1800) - OLED,48 - 120 Hz,100% DCI-P3,"['Thời gian phản hồi 0.2 ms', 'Low Blue Light', 'LED UWVA', 'Corning Gorilla Glass 3', '400 nits', '500 nits (Khi bật HDR)']",331527,OLED,Cảm ứng
"15.6""",Full HD (1920 x 1080),60Hz,,BrightView,309565,IPS,
"14""",2.8K (2880 x 1800) - OLED 16:10,120Hz,100% DCI-P3,"['Chuẩn DisplayHDR True Black 600', 'Low Blue Light', '400 nits', '600 nits (Khi bật HDR)', '1.07 tỷ màu']",333098,OLED,
"15.6""",Full HD (1920 x 1080),165 Hz,100% sRGB,"['G-Sync', '300 nits', 'WVA', 'ComfortView Plus']",327901,,
"15.6""",Full HD (1920 x 1080),165 Hz,100% sRGB,"['G-Sync', '300 nits', 'WVA', 'ComfortView Plus']",327900,,
"15.6""",Full HD (1920 x 1080),120Hz,,WVA,326194,,
"15.3""",2.8K (2880 x 1800) - OLED,30 - 120 Hz,100% DCI-P3,"['Chuẩn DisplayHDR True Black 600', 'Anti-Reflective', 'Eyesafe', 'anti-fingerprint', '500 nits brightness', 'Dolby Vision']",339661,OLED,
"15.6""",Full HD (1920 x 1080),144Hz,,"['LED Backlit', 'Acer ComfyView']",313332,IPS,
"15.1""",WQXGA (2560 x 1600) OLED,165 Hz,100% DCI-P3,"['Chuẩn DisplayHDR True Black 600', 'Low Blue Light', '500 nits Glossy', 'Dolby Vision', 'High Gaming Performance', 'Flicker Free']",339647,OLED,
"14""",2.8K (2880 x 1800) - OLED,90 Hz,100% DCI-P3,"['Chuẩn DisplayHDR True Black 500', 'Eyesafe', 'WVA', '550 nits (Khi bật HDR)']",332397,OLED,
"15.6""",Full HD (1920 x 1080),120Hz,,WVA,328945,,
"15.6""",Full HD (1920 x 1080),60Hz,45% NTSC,"['Chống chói Anti Glare', 'LED Backlit']",312414,,
"15.6""",Full HD (1920 x 1080),144Hz,"['100% sRGB', '75.35% Adobe RGB', '72% NTSC']","['G-Sync', 'Chống chói Anti Glare', '250 nits']",327899,IPS,
"14""",WUXGA (1920 x 1200),Hãng không công bố,100% sRGB,"['Chuẩn DisplayHDR True Black 500', '400 nits']",342501,OLED,
"13.3""",WUXGA (1920 x 1200),60Hz,100% sRGB,"['Chống chói Anti Glare', '400 nits']",333873,IPS,
"14""",WUXGA (1920 x 1200),60Hz,,Acer ComfyView,322003,IPS,
"14""",WUXGA (1920 x 1200),60Hz,,"['Low Blue Light', 'Chống chói Anti Glare', '300 nits']",335550,IPS,
"15.6""",Full HD (1920 x 1080),144Hz,45% NTSC,250 nits,340006,IPS,
"14""",2.8K (2880 x 1800) - OLED 16:10,48 - 120 Hz,100% DCI-P3,"['Low Blue Light', '400 nits', '500 nits (Khi bật HDR)']",335832,OLED,Cảm ứng
"14""",2.2K,60Hz,100% sRGB,"['Chống chói Anti Glare', 'WVA', 'ComfortView Plus']",339680,IPS,
"16""",WUXGA (1920 x 1200),Hãng không công bố,95% DCI-P3,"['Chống chói Anti Glare', '300 nits']",341266,IPS,Cảm ứng
"14""",WUXGA (1920 x 1200) - OLED,60Hz,100% DCI-P3,"['Thời gian phản hồi 0.2 ms', 'Màn hình bảo vệ mắt - EYE CARE', 'Chuẩn DisplayHDR True Black 600', 'Low Blue Light', 'LED Backlit', '400 nits', '600 nits (Khi bật HDR)', '1.07 tỷ màu']",334800,OLED,
"16""",WUXGA (1920 x 1200),165 Hz,45% NTSC,"['Chống chói Anti Glare', '250 nits']",339212,IPS,
"16""",WUXGA (1920 x 1200),144Hz,45% NTSC,"['Chống chói Anti Glare', 'LED Backlit', '300 nits']",339690,,
"14""",WUXGA (1920 x 1200) - OLED,60Hz,100% DCI-P3,"['Chuẩn DisplayHDR True Black 500', 'Low Blue Light', '400 nits']",337237,OLED,
"13.3""",2.8K (2880 x 1800) - OLED 16:10,60Hz,100% DCI-P3,Chuẩn DisplayHDR True Black 500,322959,OLED,
"14""",2.8K (2880 x 1800) - OLED 16:10,120Hz,100% DCI-P3,"['Thời gian phản hồi 0.2 ms', 'Màn hình bảo vệ mắt - EYE CARE', 'Chuẩn DisplayHDR True Black 500', 'Low Blue Light', '400 nits', '500 nits (Khi bật HDR)', '1.07 tỷ màu']",334796,OLED,Cảm ứng
"15.6""",Full HD (1920 x 1080),144Hz,62.5% sRGB,"['Chống chói Anti Glare', '300 nits']",341623,IPS,
"15.6""",Full HD (1920 x 1080),120Hz,,WVA,326148,,
"14""",2.8K (2880 x 1800) - OLED 16:10,120Hz,100% DCI-P3,"['Chuẩn DisplayHDR True Black 600', 'Low Blue Light', '400 nits', '600 nits (Khi bật HDR)', '1.07 tỷ màu']",333099,OLED,
"14""",WUXGA (1920 x 1200),60Hz,45% NTSC,"['Low Blue Light', 'Chống chói Anti Glare', '300 nits']",337242,IPS,
"15.6""",Full HD (1920 x 1080),144Hz,45% NTSC,,326280,IPS,
"16""",WUXGA (1920 x 1200),165 Hz,100% sRGB,"['TFT', 'LED Backlit', 'Acer ComfyView']",332579,,
"16""",WQXGA (2560 x 1600),165 Hz,100% sRGB,400 nits,341750,IPS,
"14""",WUXGA (1920 x 1200),60Hz,45% NTSC,"['Chống chói Anti Glare', 'LED Backlit', '300 nits']",338321,IPS,
"16""",2.8K (2880 x 1800) - OLED 16:10,120Hz,100% DCI-P3,"['Chuẩn DisplayHDR True Black 500', 'Low Blue Light', '400 nits', '600 nits (Khi bật HDR)', '1.07 tỷ màu']",335172,OLED,
"16.1""",Full HD (1920 x 1080),144Hz,45% NTSC,"['Chống chói Anti Glare', '250 nits']",326059,IPS,
"15.6""",Full HD (1920 x 1080),144Hz,45% NTSC,"['LED Backlit', 'Acer ComfyView', '250 nits']",329337,,
"14""",2.8K (2880 x 1800),60Hz,100% DCI-P3,"['Chống chói Anti Glare', '400 nits']",329789,IPS,
"16.1""",QHD,240Hz,100% sRGB,"['Low Blue Light', 'Thời gian phản hồi: 3 ms', 'Chống chói Anti Glare', '300 nits']",323585,IPS,
"15.6""",Full HD (1920 x 1080),180 Hz,100% sRGB,"['LCD', 'TFT', 'LED Backlit', 'Acer ComfyView', 'eDP Wide View Angle']",341608,IPS,
"15.6""",Full HD (1920 x 1080),144Hz,62.5% sRGB,"['Chống chói Anti Glare', 'Adaptive-Sync']",317709,IPS,
"16""",WUXGA (1920 x 1200),60Hz,45% NTSC,"['Chống chói Anti Glare', 'LED Backlit', '300 nits']",334799,IPS,
"14""",2.8K (2880 x 1800) - OLED 16:10,60Hz,100% DCI-P3,"['Thời gian phản hồi 0.2 ms', 'Low Blue Light', '500 nits (Khi bật HDR)', '1.07 tỷ màu']",326824,OLED,Cảm ứng
"14.1""",2.8K (2880 x 1800) - OLED 16:10,120Hz,,"['Chống chói Anti Glare', '400 nits']",335020,OLED,
"14""",2.8K (2880 x 1800) - OLED,120Hz,100% DCI-P3,"['Chuẩn DisplayHDR True Black 500', 'Anti-Reflective', 'Eyesafe', 'Chống chói Anti Glare', '500 nits brightness', 'Dolby Vision']",339659,OLED,Cảm ứng
"16""",WUXGA (1920 x 1200),165 Hz,45% NTSC,"['Chống chói Anti Glare', '300 nits']",341751,IPS,
"16""",WUXGA (1920 x 1200),165 Hz,"['100% sRGB', '75.35% Adobe RGB', '72% NTSC']","['G-Sync', 'Chống chói Anti Glare', '300 nits']",339685,IPS,
"15.6""",Full HD (1920 x 1080),60Hz,45% NTSC,"['Chống chói Anti Glare', '250 nits']",311145,IPS,
"15.6""",Full HD (1920 x 1080),144Hz,"['100% sRGB', '75.35% Adobe RGB', '72% NTSC']","['G-Sync', 'Chống chói Anti Glare', '250 nits']",315892,,
"15.6""",Full HD (1920 x 1080),60Hz,45% NTSC,Chống chói Anti Glare,327408,IPS,
"15.3""",WUXGA (1920 x 1200),60Hz,45% NTSC,"['Chống chói Anti Glare', '300 nits']",334444,IPS,
"15.1""",WQXGA (2560 x 1600) OLED,165 Hz,100% DCI-P3,"['Chuẩn DisplayHDR True Black 600', 'Low Blue Light', '500 nits Glossy', 'Dolby Vision', 'High Gaming Performance', 'Flicker Free']",339648,OLED,
"15.6""",QHD,165 Hz,100% DCI-P3,"['Chống chói Anti Glare', '300 nits']",341611,IPS,
"14""",2.8K (2880 x 1800) - OLED 16:10,120Hz,100% DCI-P3,"['Thời gian phản hồi 0.2 ms', 'Màn hình bảo vệ mắt - EYE CARE', 'Chuẩn DisplayHDR True Black 600', 'Low Blue Light', '400 nits', '600 nits (Khi bật HDR)', '1.07 tỷ màu']",321468,OLED,
"15.6""",Full HD (1920 x 1080),144Hz,45% NTSC,,322099,IPS,
"15.6""",Full HD (1920 x 1080),120Hz,,"['Chống chói Anti Glare', 'LED Backlit', 'WVA']",330165,,
"2x14""",2.8K (2880 x 1800) - OLED 16:10,120Hz,100% DCI-P3,"['Thời gian phản hồi 0.2 ms', 'Chuẩn DisplayHDR True Black 500', 'Low Blue Light', '400 nits', '500 nits (Khi bật HDR)', '1.07 tỷ màu']",334798,OLED,Cảm ứng
"15.6""",Full HD (1920 x 1080),60Hz,45% NTSC,"['Chống chói Anti Glare', '250 nits']",315911,IPS,
"16""",WUXGA (1920 x 1200),165 Hz,45% NTSC,"['Chống chói Anti Glare', '300 nits']",341752,IPS,
"14""",WUXGA (1920 x 1200),60Hz,,"['Low Blue Light', 'Chống chói Anti Glare', '300 nits']",337241,IPS,
"14""",WUXGA (1920 x 1200),60Hz,,"['Chống chói Anti Glare', '400 nits']",339658,IPS,
"14""",2.8K (2880 x 1800) - OLED 16:10,120Hz,100% DCI-P3,"['Thời gian phản hồi 0.2 ms', 'Màn hình bảo vệ mắt - EYE CARE', 'Low Blue Light', 'LED Backlit', '400 nits', '600 nits (Khi bật HDR)', '1.07 tỷ màu']",320431,OLED,
"15.6""",Full HD (1920 x 1080),144Hz,"['62.5% sRGB', '47.34% Adobe RGB', '45% NTSC']","['Chống chói Anti Glare', 'Adaptive-Sync', '250 nits']",327974,IPS,
"16.1""",Full HD (1920 x 1080),144Hz,45% NTSC,"['Chống chói Anti Glare', '250 nits']",325002,,
"15.3""",2.8K (2880 x 1800) - OLED,30 - 120 Hz,100% DCI-P3,"['Chuẩn DisplayHDR True Black 600', 'Anti-Reflective', 'anti-fingerprint', '500 nits brightness', 'Dolby Vision']",339662,OLED,
"16""",WQXGA (2560 x 1600) OLED,240Hz,100% DCI-P3,"['Chuẩn DisplayHDR True Black 500', 'Dolby Vision', '400 nits']",337841,OLED,
"16""",WUXGA (1920 x 1200),144Hz,45% NTSC,"['Chống chói Anti Glare', 'LED Backlit', '300 nits']",342752,Hãng không công bố,
"16""",2.5K,120Hz,100% sRGB,"['Chống chói Anti Glare', '300 nits', 'WVA']",326864,,
"14""",2.8K (2880 x 1800) - OLED 16:10,120Hz,100% DCI-P3,"['Thời gian phản hồi 0.2 ms', 'Màn hình bảo vệ mắt - EYE CARE', 'Chuẩn DisplayHDR True Black 600', 'Low Blue Light', 'LED Backlit', '400 nits', '600 nits (Khi bật HDR)', '1.07 tỷ màu']",334802,OLED,
"14""",2.2K,48 - 120 Hz,100% sRGB,"['Low Blue Light', '400 nits']",335835,IPS,Cảm ứng
"16""",WUXGA (1920 x 1200),60Hz,45% NTSC,"['Chống chói Anti Glare', 'LED Backlit', '300 nits']",339234,IPS,
"14""",4K/UHD+ (3840 x 2400) OLED,120Hz,100% DCI-P3,"['Chuẩn DisplayHDR True Black 600', 'Low Blue Light', 'Eyesafe', '600 nits', 'Dolby Vision', 'X-Rite']",337236,OLED,Cảm ứng
"14""",2.8K (2880 x 1800) - OLED 16:10,120Hz,,,339951,OLED,
"15.6""",Full HD (1920 x 1080),120Hz,45% NTSC,"['Chống chói Anti Glare', 'LED Backlit', '250 nits', 'WVA']",327509,,
"14""",Full HD (1920 x 1080),60Hz,45% NTSC,"['Chống chói Anti Glare', '250 nits']",334805,IPS,
"15.6""",Full HD (1920 x 1080),144Hz,"['62.5% sRGB', '47.34% Adobe RGB', '45% NTSC']","['Chống chói Anti Glare', 'Adaptive-Sync', '250 nits']",322269,IPS,
"14""",WUXGA (1920 x 1200),60Hz,,"['Low Blue Light', 'Chống chói Anti Glare', '300 nits']",335551,IPS,
"13.3""",Full HD+ (1920 x 1200),60Hz,45% NTSC,"['Chống chói Anti Glare', '250 nits']",338313,,
"16""",WUXGA (1920 x 1200),144Hz,45% NTSC,300 nits,342758,IPS,
"14""",2.8K (2880 x 1800) - OLED 16:10,120Hz,100% DCI-P3,"['Thời gian phản hồi 0.2 ms', 'Chuẩn DisplayHDR True Black 500', '400 nits', '500 nits (Khi bật HDR)', '1.07 tỷ màu']",330579,OLED,
"14""",WUXGA (1920 x 1200),60Hz,100% sRGB,"['Chống chói Anti Glare', 'LED Backlit', '400 nits']",334806,IPS,
"15.6""",QHD,165 Hz,100% DCI-P3,"['Chống chói Anti Glare', '300 nits']",341609,IPS,
"16""",WQXGA (2560 x 1600) OLED,240Hz,100% DCI-P3,"['Low Blue Light', 'G-Sync', '500 nits Glossy', 'Dolby Vision', 'High Gaming Performance', 'HDR 1000', 'Flicker Free']",339541,OLED,
"15.6""",Full HD (1920 x 1080),120Hz,45% NTSC,"['Chống chói Anti Glare', 'LED Backlit', '250 nits', 'WVA']",325242,,
"14""",2.8K (2880 x 1800) - OLED 16:10,90 Hz,100% DCI-P3,"['Thời gian phản hồi 0.2 ms', 'Màn hình bảo vệ mắt - EYE CARE', 'Chuẩn DisplayHDR True Black 600', 'Low Blue Light', '400 nits', '600 nits (Khi bật HDR)', '1.07 tỷ màu']",311117,OLED,
"16""",WQXGA (2560 x 1600) OLED,240Hz,100% DCI-P3,"['Low Blue Light', 'G-Sync', '500 nits Glossy', 'Dolby Vision', 'High Gaming Performance', 'HDR 1000', 'Flicker Free']",339542,OLED,
"14""",Full HD+,60Hz,45% NTSC,"['Chống chói Anti Glare', 'LED Backlit', '300 nits', 'WVA']",339682,,
"15.6""",Full HD (1920 x 1080),120Hz,,"['Chống chói Anti Glare', 'LED Backlit', '250 nits', 'WVA']",327982,,
"14""",2.8K (2880 x 1800) - OLED 16:10,120Hz,100% DCI-P3,"['Chuẩn DisplayHDR True Black 600', 'Low Blue Light', '400 nits', '600 nits (Khi bật HDR)', '1.07 tỷ màu']",328239,OLED,
"15.6""",QHD,165 Hz,100% DCI-P3,"['Chống chói Anti Glare', '300 nits']",341610,IPS,
"15.6""",Full HD (1920 x 1080),144Hz,"['100% sRGB', '75.35% Adobe RGB', '72% NTSC']","['G-Sync', 'Chống chói Anti Glare']",320434,IPS,
"16""",WQXGA (2560 x 1600) OLED,165 Hz,100% DCI-P3,"['Low Blue Light', 'G-Sync', '500 nits Glossy', 'Dolby Vision', 'High Gaming Performance', 'HDR 1000', 'Flicker Free']",339650,OLED,
"14""",Full HD+ (1920 x 1200),60Hz,,"['Chống chói Anti Glare', '300 nits']",340563,IPS,
"16""",WQXGA (2560 x 1600),120Hz,100% sRGB,"['300 nits', 'WVA', 'ComfortView Plus']",341564,,
"15.6""",Full HD (1920 x 1080),120Hz,,"['Chống chói Anti Glare', 'LED Backlit', '250 nits', 'WVA']",309243,,
"16""",QHD+ (2560 x 1600) 16:10,240Hz,100% DCI-P3,,325583,IPS,
"14""",WUXGA (1920 x 1200),60Hz,100% sRGB,"['Chống chói Anti Glare', '500 nits brightness']",339660,IPS,
"14""",Full HD+,60Hz,45% NTSC,"['Display with ComfortView', '250 nits', 'WVA']",329851,,Cảm ứng
"14""",2.8K (2880 x 1800) - OLED 16:10,120Hz,100% DCI-P3,"['Thời gian phản hồi 0.2 ms', 'Màn hình bảo vệ mắt - EYE CARE', 'Chuẩn DisplayHDR True Black 500', 'Low Blue Light', '400 nits', '500 nits (Khi bật HDR)', '1.07 tỷ màu']",334797,OLED,Cảm ứng
"13.3""",Full HD (1920 x 1080),60Hz,45% NTSC,"['Chống chói Anti Glare', '250 nits']",335181,IPS,
"15.1""",WQXGA (2560 x 1600) OLED,165 Hz,100% DCI-P3,"['Chuẩn DisplayHDR True Black 600', '500 nits Glossy', 'Dolby Vision']",340488,OLED,
"16""",WUXGA (1920 x 1200),144Hz,45% NTSC,"['Chống chói Anti Glare', 'LED Backlit', '300 nits']",339689,,
"14""",WUXGA (1920 x 1200),Hãng không công bố,100% sRGB,"['Chuẩn DisplayHDR True Black 500', '400 nits']",342495,OLED,
"17""",QHD+ (2560 x 1600) 16:10,165 Hz,100% DCI-P3,,325575,IPS,Cảm ứng
"14""",WUXGA (1920 x 1200),Hãng không công bố,100% DCI-P3,"['Chuẩn DisplayHDR True Black 500', '400 nits']",342497,OLED,
"16""",WQXGA (2560 x 1600),120Hz,100% sRGB,"['300 nits', 'WVA', 'ComfortView Plus']",341566,,
"16""",4K/UHD+ (3840 x 2400) OLED,60Hz,100% DCI-P3,400 nits,332350,OLED,
"13.3""",2.8K (2880 x 1800) - OLED 16:10,60Hz,100% DCI-P3,400 nits,332352,OLED,
"16""",WQXGA (2560 x 1600),120Hz,100% sRGB,ComfortView Plus,341565,,
"18""",4K/UHD+ (3840 x 2400),120Hz,,"['1000 nits', 'Mini LED']",335010,,
"16""",WQXGA (2560 x 1600),120Hz,100% sRGB,"['300 nits', 'WVA', 'ComfortView Plus']",341567,,
"18""",4K/UHD+ (3840 x 2400),120Hz,,"['1000 nits', 'Mini LED']",335112,,
"18""",4K/UHD+ (3840 x 2400),120Hz,100% DCI-P3,"['1000 nits', 'Mini LED']",335113,IPS,
"15.6""",Full HD (1920 x 1080),120Hz,45% NTSC,"['Chống chói Anti Glare', 'LED Backlit', '250 nits']",342756,WVA,
"13.6""",Liquid Retina (2560 x 1664),Hãng không công bố,,"['Wide color (P3)', '500 nits brightness', 'True Tone Technology', '1 tỷ màu']",342024,IPS,
"13.3""",Retina (2560 x 1600),Hãng không công bố,,"['LED Backlit', '400 nits', 'True Tone Technology']",231244,IPS,
"15.6""",Full HD (1920 x 1080),144Hz,72% NTSC,Chống chói Anti Glare,342942,IPS,
"15.6""",Full HD (1920 x 1080),120Hz,100% sRGB,"['Chống chói Anti Glare', '250 nits']",342755,VA,
"15.6""",Full HD (1920 x 1080),144Hz,100% sRGB,"['G-Sync', 'Chống chói Anti Glare', '300 nits']",342507,IPS,
"15.6""",Full HD (1920 x 1080),Hãng không công bố,62.5% sRGB,"['Chống chói Anti Glare', '250 nits']",341621,Hãng không công bố,
"15.1""",WQXGA (2560 x 1600),165 Hz,100% DCI-P3,"['Chuẩn DisplayHDR True Black 600', '500 nits Glossy', 'Dolby Vision']",342519,OLED,
"15.6""",Full HD (1920 x 1080),60Hz,45% NTSC,"['Chống chói Anti Glare', '250 nits']",342941,IPS,
"11.6""",HD (1366 x 768),60Hz,,"['220 nits', 'Chống chói Anti Glare']",328599,,
"14.2""",Liquid Retina XDR display (3024 x 1964),up to 120 Hz,,"['ProMotion', 'Độ sáng XDR: toàn màn hình 1000 nits, cao nhất 1600 nits (chỉ nội dung HDR)', 'Độ sáng SDR: lên đến 1000 nits', 'Wide color (P3)', 'Màn hình Nano-texture', 'True Tone Technology', '1 tỷ màu']",332451,,
"13.6""",Liquid Retina (2560 x 1664),Hãng không công bố,,"['Wide color (P3)', '500 nits brightness', 'True Tone Technology', '1 tỷ màu']",335366,IPS,
"15.6""",Full HD (1920 x 1080),Hãng không công bố,62.5% sRGB,"['Chống chói Anti Glare', '250 nits']",341622,Hãng không công bố,
"15.6""",Full HD (1920 x 1080),60Hz,,Chống chói Anti Glare,305009,,
"13.3""",WUXGA (1920 x 1200),60Hz,100% sRGB,"['Chống chói Anti Glare', '400 nits']",331523,IPS,Cảm ứng
"14.2""",Liquid Retina XDR display (3024 x 1964),up to 120 Hz,,"['ProMotion', 'Độ sáng XDR: toàn màn hình 1000 nits, cao nhất 1600 nits (chỉ nội dung HDR)', 'Độ sáng SDR: lên đến 1000 nits', 'Wide color (P3)', 'True Tone Technology', '1 tỷ màu']",331567,,
"13.6""",Liquid Retina (2560 x 1664),Hãng không công bố,,"['Wide color (P3)', '500 nits brightness', 'True Tone Technology', '1 tỷ màu']",335369,IPS,
"14""",2.8K (2880 x 1800) - OLED 16:10,120Hz,100% sRGB,400 nits,339558,OLED,Cảm ứng
"15.6""",QHD,165 Hz,100% DCI-P3,300 nits,341613,IPS,
"14""",HD (1366 x 768),60Hz,,Chống chói Anti Glare,328598,,
"13.3""",WUXGA (1920 x 1200),60Hz,100% sRGB,"['Chống chói Anti Glare', '400 nits']",331522,IPS,Cảm ứng
"14.2""",Liquid Retina XDR display (3024 x 1964),up to 120 Hz,,"['ProMotion', 'Độ sáng XDR: toàn màn hình 1000 nits, cao nhất 1600 nits (chỉ nội dung HDR)', 'Độ sáng SDR: lên đến 1000 nits', 'Wide color (P3)', 'Màn hình Nano-texture', 'True Tone Technology', '1 tỷ màu']",332448,,
"16""",WQXGA (2560 x 1600),165 Hz,100% sRGB,"['Chống chói Anti Glare', '400 nits']",334694,IPS,
"14""",2.2K,Hãng không công bố,100% sRGB,,337040,IPS,Cảm ứng
"16""",WUXGA (1920 x 1200),165 Hz,45% NTSC,"['Chống chói Anti Glare', '250 nits']",337844,IPS,
"14""",2.8K (2880 x 1800) - OLED 16:10,120Hz,100% DCI-P3,"['Thời gian phản hồi 0.2 ms', 'Màn hình bảo vệ mắt - EYE CARE', 'Chuẩn DisplayHDR True Black 600', 'LED Backlit', '400 nits', '600 nits (Khi bật HDR)', '1.07 tỷ màu']",339235,,
"16""",2.8K (2880 x 1800) - OLED 16:10,120Hz,100% DCI-P3,"['Thời gian phản hồi 0.2 ms', 'Màn hình bảo vệ mắt - EYE CARE', 'Chuẩn DisplayHDR True Black 500', 'Low Blue Light', '400 nits', '500 nits (Khi bật HDR)', '1.07 tỷ màu']",339236,,
"14""",2.8K (2880 x 1800),120Hz,100% DCI-P3,500 nits (Khi bật HDR),341269,OLED,Cảm ứng
"14""",2.8K (2880 x 1800),120Hz,100% DCI-P3,"['Eyesafe', 'DisplayHDR True Black 1000', '500 nits', 'Dolby Vision', 'X-Rite', 'PureSight Pro', '1100 nits (peak)']",342505,OLED,
"15.6""",Full HD (1920 x 1080),144Hz,,"['Chống chói Anti Glare', 'Adaptive-Sync', '250 nits']",284343,IPS,
"14""",2.8K (2880 x 1800) - OLED,120Hz,100% DCI-P3,"['Low Blue Light', '400 nits']",332274,OLED,
"16""",QHD+ (2560 x 1600) 16:10,240Hz,,,335015,IPS,
"18""",4K/UHD+ (3840 x 2400),120Hz,,"['Độ sáng SDR: 600 nits', 'TFT', 'LED Backlit', 'Acer ComfyView', 'Mini LED', 'HDR 1000']",335963,,
"18""",2.5K,250 Hz,,"['Độ sáng SDR: 600 nits', 'TFT', 'LED Backlit', 'Acer ComfyView', 'Mini LED', 'HDR 1000']",335964,,
"14""",2.8K (2880 x 1800),120Hz,100% DCI-P3,500 nits (Khi bật HDR),341268,OLED,Cảm ứng
"16""",4K/UHD+ (3840 x 2400),60Hz,100% DCI-P3,400 nits,341572,OLED,
"16""",QHD+ (2560 x 1600) OLED,240Hz,100% DCI-P3,OLED,341573,OLED,
"14""",2.8K (2880 x 1800),120Hz,100% DCI-P3,"['Eyesafe', 'DisplayHDR True Black 1000', '500 nits', 'Dolby Vision', 'X-Rite', 'PureSight Pro', '1100 nits (peak)']",342504,OLED,
"14""",WUXGA (1920 x 1200),60Hz,100% sRGB,"['500 nits', 'Chống chói Anti Glare']",342508,IPS,Cảm ứng
"15.1""",WQXGA (2560 x 1600),165 Hz,100% DCI-P3,"['Chuẩn DisplayHDR True Black 600', '500 nits', 'Dolby Vision']",342517,OLED,
"15.1""",WQXGA (2560 x 1600),165 Hz,100% DCI-P3,"['Chuẩn DisplayHDR True Black 600', '500 nits', 'Dolby Vision']",342523,OLED,
"16""",WUXGA (1920 x 1200),165 Hz,100% sRGB,"['Chống chói Anti Glare', '400 nits']",342721,IPS,
"15.6""",Full HD (1920 x 1080),Hãng không công bố,62.5% sRGB,"['Chống chói Anti Glare', '250 nits']",342725,IPS,
