pid,RAM,Loại RAM,Tốc độ Bus RAM,Hỗ trợ RAM tối đa,Dung lượng,SSD hỗ trợ mở rộng,HDD hỗ trợ mở rộng,SSD gốc dung lượng tối đa,Note
327098,16 GB,DDR4 (1 khe 8 GB + 1 khe 8 GB),3200 MHz,16 GB,512 GB SSD NVMe PCIe,,,,
311178,16 GB,LPDDR5 (Onboard),5500 MHz,Không hỗ trợ nâng cấp,512 GB SSD NVMe PCIe,,,1 TB,
334442,16 GB,DDR5 (1 khe 8 GB onboard + 1 khe 8 GB),4800 MHz,24 GB,512 GB SSD NVMe PCIe,không công bố,,,
335362,16 GB,Hãng không công bố,Hãng không công bố,Không hỗ trợ nâng cấp,256 GB SSD,,,,
337470,16 GB,DDR4 (1 khe 8 GB + 1 khe 8 GB),2600 MHz,16 GB,512 GB SSD NVMe PCIe,,,2 TB,
336967,16 GB,DDR5 (1 khe 16 GB + 1 khe rời),Đang cập nhật,64 GB,512 GB SSD NVMe PCIe,,,2 TB,
321192,16 GB,DDR4 (1 khe 8 GB + 1 khe 8 GB),2666 MHz,16 GB,512 GB SSD NVMe PCIe,,2 TB,,
338207,16 GB,DDR4 (1 khe 16 GB + 1 khe rời),3200 MHz,32 GB,512 GB SSD NVMe PCIe,,,2 TB,
334792,8 GB,DDR4 (1 khe 8 GB + 1 khe rời),3200 MHz,16 GB,512 GB SSD NVMe PCIe,,,,
334450,24 GB,DDR5 (1 khe 8 GB onboard + 1 khe 16 GB),4800 MHz,24 GB,512 GB SSD NVMe PCIe,,,1 TB,
333427,16 GB,DDR5 (1 khe 16 GB + 1 khe rời),4800 MHz,96 GB,512 GB SSD NVMe PCIe,,,4 TB,
326124,16 GB,DDR4 (1 khe 8 GB + 1 khe 8 GB),3200 MHz,64 GB,512 GB SSD NVMe PCIe Gen 4,,không công bố,,
289472,16 GB,Hãng không công bố,Hãng không công bố,Không hỗ trợ nâng cấp,256 GB SSD,,,,
334803,16 GB,DDR4 (1 khe 8 GB + 1 khe 8 GB),2666 MHz,16 GB,512 GB SSD NVMe PCIe,,1 TB,2 TB,
335556,16 GB,DDR5 (1 khe RAM),4800 MHz,32 GB,512 GB SSD NVMe PCIe,,,1 TB,
338323,16 GB,DDR4 (8 GB onboard + 1 khe 8 GB),3200 MHz,24 GB,512 GB SSD NVMe PCIe Gen 4,,,,
326050,8 GB,DDR4 (1 khe 8 GB + 1 khe rời),3200 MHz,16 GB,512 GB SSD NVMe PCIe,,,1 TB,
334996,16 GB,DDR5 (1 khe 16 GB + 1 khe rời),4800 MHz,64 GB,512 GB SSD NVMe PCIe Gen 4,,,2 TB,
331362,16 GB,DDR4 (1 khe 8 GB + 1 khe 8 GB),3200 MHz,64 GB,512 GB SSD NVMe PCIe,,,4 TB,
325500,16 GB,LPDDR5 (Onboard),5500 MHz,Không hỗ trợ nâng cấp,512 GB SSD NVMe PCIe Gen 4,,,,
340564,16 GB,DDR4 (8 GB onboard + 1 khe 8 GB),3200 MHz,24 GB,512 GB SSD NVMe PCIe Gen 4,,,,
338311,16 GB,DDR4 (1 khe 8 GB + 1 khe 8 GB),3200 MHz,16 GB,512 GB SSD NVMe PCIe,,,,
323920,16 GB,DDR4 (1 khe 8 GB + 1 khe 8 GB),3200 MHz,32 GB,512 GB SSD NVMe PCIe,,,,
334997,8 GB,LPDDR5 (Onboard),4800 MHz,Không hỗ trợ nâng cấp,256 GB SSD NVMe PCIe,,,1 TB,
335372,16 GB,Hãng không công bố,Hãng không công bố,Không hỗ trợ nâng cấp,256 GB SSD,,,,
326279,16 GB,DDR4 (1 khe 8 GB + 1 khe 8 GB),3200 MHz,64 GB,512 GB SSD NVMe PCIe,,không công bố,,
310449,8 GB,DDR4 (Onboard),3200 MHz,Không hỗ trợ nâng cấp,512 GB SSD NVMe PCIe,,,,
340486,16 GB,DDR4 (1 khe 8 GB + 1 khe 8 GB),3200 MHz,16 GB,512 GB SSD NVMe PCIe,,,1 TB,
334446,24 GB,DDR5 (1 khe 8 GB onboard + 1 khe 16 GB),4800 MHz,24 GB,512 GB SSD NVMe PCIe Gen 4,,,1 TB,
339679,16 GB,DDR5 (1 khe 8 GB + 1 khe 8 GB),5200 MHz,64 GB,512 GB SSD NVMe PCIe,,,1 TB,
333430,16 GB,DDR5 (1 khe 16 GB + 1 khe rời),4800 MHz,96 GB,512 GB SSD NVMe PCIe,,,4 TB,
328235,16 GB,DDR4 (1 khe 8 GB + 1 khe 8 GB),3200 MHz,32 GB,512 GB SSD NVMe PCIe Gen 4,,,1 TB,
321467,16 GB,DDR5 (1 khe 8 GB + 1 khe 8 GB),4800 MHz,32 GB,512 GB SSD NVMe PCIe,,,1 TB,
337233,24 GB,DDR5 (1 khe 8 GB onboard + 1 khe 16 GB),4800 MHz,24 GB,512 GB SSD NVMe PCIe,,,1 TB,
328237,16 GB,DDR4 (8 GB onboard + 1 khe 8 GB),3200 MHz,24 GB,512 GB SSD NVMe PCIe,,,,
337420,8 GB,DDR4 (1 khe 8 GB onboard + 1 khe trống),3200 MHz,16 GB,512 GB SSD NVMe PCIe,,,,
334999,8 GB,DDR4 (1 khe 8 GB + 1 khe rời),3200 MHz,32 GB,512 GB SSD NVMe PCIe,,,2 TB,
338204,16 GB,DDR4 (1 khe 16 GB + 1 khe rời),3200 MHz,32 GB,512 GB SSD NVMe PCIe,,,2 TB,
329786,16 GB,DDR4 (1 khe 8 GB + 1 khe 8 GB),3200 MHz,64 GB,512 GB SSD NVMe PCIe,,,4 TB,
341563,16 GB,DDR5 (1 khe 8 GB + 1 khe 8 GB),5600 MHz,32 GB,512 GB SSD NVMe PCIe,,,,
326830,16 GB,DDR4 (Onboard),3200 MHz,Không hỗ trợ nâng cấp,512 GB SSD NVMe PCIe Gen 4,,,,
339683,16 GB,DDR4 (8 GB onboard + 1 khe 8 GB),3200 MHz,24 GB,512 GB SSD NVMe PCIe,,,1 TB,
333886,16 GB,DDR4 (1 khe 8 GB + 1 khe 8 GB),2666 MHz,16 GB,512 GB SSD NVMe PCIe,,1 TB,2 TB,
332365,16 GB,DDR5 (1 khe RAM),4800 MHz,32 GB,512 GB SSD NVMe PCIe,1 TB,,,
333104,16 GB,DDR4 (1 khe 8 GB + 1 khe 8 GB),2666 MHz,16 GB,512 GB SSD NVMe PCIe,,,,
311176,16 GB,DDR4 (1 khe 8 GB + 1 khe 8 GB),3200 MHz,32 GB,512 GB SSD NVMe PCIe,,,,
341612,16 GB,DDR5 (1 khe 16 GB + 1 khe rời),5200 MHz,64 GB,512 GB SSD NVMe PCIe Gen 4,,,,
343120,16 GB,DDR4 (1 khe 16 GB + 1 khe rời),1600 MHz,32 GB,512 GB SSD NVMe PCIe,,,2 TB,
335554,16 GB,DDR5 (1 khe 16 GB + 1 khe rời),4800 MHz,32 GB,512 GB SSD NVMe PCIe Gen 4,,,1 TB,
325247,16 GB,DDR4 (8 GB onboard + 1 khe 8 GB),2666 MHz,16 GB,1 TB SSD PCIe,,,,
325691,16 GB,DDR4 (1 khe 8 GB + 1 khe 8 GB),3200 MHz,16 GB,512 GB SSD NVMe PCIe,,,1 TB,
328238,16 GB,DDR4 (8 GB onboard + 1 khe 8 GB),3200 MHz,24 GB,512 GB SSD NVMe PCIe,,,,
338206,8 GB,DDR4 (1 khe 8 GB + 1 khe rời),3200 MHz,16 GB,512 GB SSD NVMe PCIe,,,2 TB,
327872,16 GB,DDR5 (1 khe 8 GB + 1 khe 8 GB),4800 MHz,32 GB,512 GB SSD NVMe PCIe Gen 4,,,2 TB,
337476,16 GB,DDR4 (1 khe 8 GB + 1 khe 8 GB),2666 MHz,16 GB,512 GB SSD NVMe PCIe,,,2 TB (2280) / 1 TB (2230),
326049,8 GB,DDR4 (1 khe 8 GB onboard + 1 khe trống),3200 MHz,16 GB,512 GB SSD NVMe PCIe,,,,
331564,16 GB,Hãng không công bố,Hãng không công bố,Hãng không công bố,512 GB SSD,,,,
326122,16 GB,DDR5 (1 khe 8 GB + 1 khe 8 GB),5200 MHz,64 GB,1 TB SSD NVMe PCIe Gen 4,,,,
343121,16 GB,DDR4 (1 khe 16 GB + 1 khe rời),1600 MHz,32 GB,512 GB SSD NVMe PCIe,,,2 TB,
339687,16 GB,DDR4 (1 khe 16 GB + 1 khe rời),3200 MHz,64 GB,512 GB SSD NVMe PCIe,,,2 TB,
338278,24 GB,DDR5 (1 khe 12 GB + 1 khe 12 GB),4800 MHz,32 GB,512 GB SSD NVMe PCIe,,,1 TB,
338324,16 GB,DDR4 (8 GB onboard + 1 khe 8 GB),3200 MHz,24 GB,512 GB SSD NVMe PCIe Gen 4,,,,
337474,8 GB,DDR4 (1 khe 8 GB + 1 khe rời),2666 MHz,16 GB,512 GB SSD NVMe PCIe,,2 TB,1 TB,
311177,16 GB,DDR4 (1 khe 8 GB + 1 khe 8 GB),3200 MHz,32 GB,512 GB SSD NVMe PCIe,,,,
322072,16 GB,DDR5 (1 khe 8 GB + 1 khe 8 GB),4800 MHz,32 GB,512 GB SSD NVMe PCIe,không công bố,,1 TB,
328906,8 GB,DDR4 (1 khe 8 GB + 1 khe rời),3200 MHz,32 GB,512 GB SSD NVMe PCIe,,,1 TB,
310447,16 GB,DDR5 (1 khe 8 GB + 1 khe 8 GB),5200 MHz,64 GB,1 TB SSD NVMe PCIe Gen 4,,,,
343122,16 GB,DDR5 (1 khe 16 GB + 1 khe rời),2400 MHz,64 GB,512 GB SSD NVMe PCIe,,,2 TB,
339681,16 GB,DDR4 (8 GB onboard + 1 khe 8 GB),2666 MHz,16 GB,512 GB SSD NVMe PCIe,,,,
340560,16 GB,DDR4 (1 khe 8 GB + 1 khe 8 GB),3200 MHz,16 GB,512 GB SSD NVMe PCIe,,,,
341270,16 GB,DDR4 (1 khe 8 GB + 1 khe 8 GB),3200 MHz,32 GB,512 GB SSD NVMe PCIe,,,,
330162,16 GB,DDR5 (1 khe 16 GB + 1 khe rời),4800 MHz,32 GB,512 GB SSD NVMe PCIe,,,1 TB,
338318,16 GB,DDR4 (8 GB onboard + 1 khe 8 GB),3200 MHz,16 GB,512 GB SSD NVMe PCIe Gen 4,,,,
318163,16 GB,DDR4 (1 khe 8 GB + 1 khe 8 GB),3200 MHz,32 GB,512 GB SSD NVMe PCIe Gen 4,,,,
339857,24 GB,DDR5 (1 khe 12 GB + 1 khe 12 GB),4800 MHz,32 GB,1 TB SSD NVMe PCIe Gen 4,,,,
335553,24 GB,DDR5 (1 khe 12 GB + 1 khe 12 GB),4800 MHz,32 GB,512 GB SSD NVMe PCIe Gen 4,,,1 TB,
328814,16 GB,DDR4 (1 khe 16 GB + 1 khe rời),3200 MHz,32 GB,512 GB SSD NVMe PCIe,,,1 TB,
327707,16 GB,DDR5 (1 khe 8 GB + 1 khe 8 GB),5200 MHz,64 GB,512 GB SSD NVMe PCIe Gen 4,,,,
331566,16 GB,Hãng không công bố,Hãng không công bố,Hãng không công bố,1 TB SSD,,,,
341607,16 GB,DDR4 (1 khe 16 GB + 1 khe rời),3200 MHz,64 GB,512 GB SSD NVMe PCIe,,,2 TB,
327050,24 GB,DDR5 (1 khe 12 GB + 1 khe 12 GB),4800 MHz,32 GB,512 GB SSD NVMe PCIe Gen 4,không công bố,,,
340559,16 GB,DDR4 (1 khe 8 GB + 1 khe 8 GB),2666 MHz,16 GB,1 TB SSD PCIe,,,2 TB,
336036,16 GB,DDR4 (8 GB onboard + 1 khe 8 GB),3200 MHz,24 GB,512 GB SSD NVMe PCIe,,,,
325697,16 GB,DDR5 (1 khe 8 GB + 1 khe 8 GB),5200 MHz,32 GB,512 GB SSD NVMe PCIe,,,2 TB,
334998,16 GB,DDR4 (1 khe 8 GB + 1 khe 8 GB),3200 MHz,32 GB,512 GB SSD NVMe PCIe,,,2 TB,
328949,16 GB,DDR4 (8 GB onboard + 1 khe 8 GB),3200 MHz,24 GB,512 GB SSD NVMe PCIe,,,,
337042,16 GB,LPDDR5 (Onboard),7467 MHz,Không hỗ trợ nâng cấp,512 GB SSD NVMe PCIe,,,2 TB,
326831,16 GB,DDR4 (Onboard),3200 MHz,Không hỗ trợ nâng cấp,512 GB SSD NVMe PCIe Gen 4,,,,
327097,16 GB,DDR5 (1 khe 8 GB + 1 khe 8 GB),5600 MHz,32 GB,512 GB SSD NVMe PCIe,,,,
335555,16 GB,DDR5 (1 khe 8 GB + 1 khe 8 GB),5600 MHz,32 GB,1 TB SSD NVMe PCIe Gen 4,,,,
333103,16 GB,DDR4 (1 khe 8 GB + 1 khe 8 GB),2666 MHz,16 GB,512 GB SSD NVMe PCIe,,,,
341602,16 GB,DDR5 (1 khe 8 GB + 1 khe 8 GB),5600 MHz,64 GB,512 GB SSD NVMe PCIe Gen 4,,,2 TB,
330932,32 GB,DDR4 (1 khe 16 GB + 1 khe 16 GB),3200 MHz,64 GB,512 GB SSD NVMe PCIe Gen 4,,không công bố,,
334689,16 GB,DDR5 (1 khe 8 GB + 1 khe 8 GB),4800 MHz,32 GB,512 GB SSD NVMe PCIe,,,4 TB,
338316,16 GB,DDR4 (1 khe 8 GB + 1 khe 8 GB),2666 MHz,16 GB,512 GB SSD NVMe PCIe,,1 TB,1 TB,
341618,16 GB,DDR4 (1 khe 8 GB + 1 khe 8 GB),3200 MHz,32 GB,512 GB SSD PCIe (2280),,,1 TB (2280),
338322,16 GB,DDR5 (1 khe 8 GB onboard + 1 khe 8 GB),4800 MHz,24 GB,512 GB SSD NVMe PCIe,,,,
333102,16 GB,DDR4 (1 khe 8 GB + 1 khe 8 GB),2666 MHz,16 GB,512 GB SSD NVMe PCIe,,,2 TB (2280) / 1 TB (2230),
334794,16 GB,DDR4 (8 GB onboard + 1 khe 8 GB),3200 MHz,16 GB,512 GB SSD NVMe PCIe,,,,
339202,8 GB,DDR5 (1 khe 8 GB + 1 khe trống),4800 MHz,64 GB,512 GB SSD NVMe PCIe,,,2 TB,
322222,16 GB,LPDDR4X (Onboard),4266 MHz,Không hỗ trợ nâng cấp,512 GB SSD NVMe PCIe,,,1 TB,
340479,16 GB,DDR4 (1 khe 8 GB + 1 khe 8 GB),3200 MHz,16 GB,512 GB SSD NVMe PCIe,,,1 TB,
334449,32 GB,DDR5 (1 khe 16 GB + 1 khe 16 GB),5600 MHz,32 GB,512 GB SSD NVMe PCIe Gen 4,,,1 TB,
339587,32 GB,DDR5 (1 khe 16 GB + 1 khe 16 GB),5600 MHz,32 GB,512 GB SSD NVMe PCIe,,,1 TB,
331568,24 GB,Hãng không công bố,Hãng không công bố,Hãng không công bố,512 GB SSD,,,,
326861,16 GB,DDR4 (1 khe 8 GB + 1 khe 8 GB),3200 MHz,64 GB,512 GB SSD NVMe PCIe Gen 4,,không công bố,,
337044,16 GB,LPDDR5 (Onboard),7467 MHz,Không hỗ trợ nâng cấp,512 GB SSD NVMe PCIe,,,2 TB,
339581,32 GB,DDR5 (1 khe 16 GB + 1 khe 16 GB),5600 MHz,32 GB,512 GB SSD NVMe PCIe,,,1 TB,
337472,16 GB,DDR4 (1 khe 8 GB + 1 khe 8 GB),2666 MHz,16 GB,512 GB SSD NVMe PCIe,,,,
340491,16 GB,LPDDR5 (Onboard),5500 MHz,Không hỗ trợ nâng cấp,512 GB SSD NVMe PCIe,,,1 TB,
322270,16 GB,DDR4 (8 GB onboard + 1 khe 8 GB),3200 MHz,16 GB,512 GB SSD NVMe PCIe,,,,
338320,16 GB,DDR5 (1 khe 16 GB onboard + 1 khe rời),4800 MHz,32 GB,512 GB SSD NVMe PCIe,,,,
313177,16 GB,DDR4 (1 khe 8 GB + 1 khe 8 GB),3200 MHz,32 GB,512 GB SSD NVMe PCIe,1 TB,,1 TB,
340484,16 GB,DDR4 (1 khe 16 GB + 1 khe rời),3200 MHz,32 GB,512 GB SSD NVMe PCIe,,,1 TB,
314630,16 GB,DDR4 (1 khe 8 GB + 1 khe 8 GB),3200 MHz,32 GB,512 GB SSD NVMe PCIe,không công bố,,1 TB,
337475,16 GB,DDR4 (1 khe 8 GB + 1 khe 8 GB),2666 MHz,16 GB,512 GB SSD NVMe PCIe,,,2 TB (2280) / 1 TB (2230),
340004,16 GB,DDR5 (1 khe 16 GB + 1 khe rời),5200 MHz,64 GB,512 GB SSD NVMe PCIe,,,,
340558,16 GB,DDR4 (1 khe 8 GB + 1 khe 8 GB),2666 MHz,16 GB,512 GB SSD NVMe PCIe Gen 4,,2 TB,1 TB,
334795,16 GB,DDR4 (8 GB onboard + 1 khe 8 GB),3200 MHz,16 GB,512 GB SSD NVMe PCIe,,,,
327896,16 GB,DDR5 (1 khe 8 GB + 1 khe 8 GB),4800 MHz,32 GB,512 GB SSD NVMe PCIe Gen 4,,,2 TB,
340478,16 GB,DDR4 (1 khe 16 GB + 1 khe rời),3200 MHz,16 GB,512 GB SSD NVMe PCIe,,,1 TB,
337473,8 GB,DDR4 (1 khe 8 GB + 1 khe rời),2666 MHz,16 GB,512 GB SSD NVMe PCIe,,2 TB,1 TB,
333421,16 GB,DDR5 (1 khe 16 GB + 1 khe rời),4800 MHz,64 GB,512 GB SSD NVMe PCIe,,,2 TB,
332578,16 GB,DDR4 (1 khe 8 GB + 1 khe 8 GB),3200 MHz,32 GB,512 GB SSD NVMe PCIe,không công bố,,,
340481,16 GB,DDR4 (Onboard),3200 MHz,Không hỗ trợ nâng cấp,512 GB SSD NVMe PCIe,,,1 TB,
322073,16 GB,LPDDR5 (Onboard),4800 MHz,Không hỗ trợ nâng cấp,1 TB SSD NVMe PCIe Gen 4,,,,
340487,24 GB,DDR5 (1 khe 12 GB + 1 khe 12 GB),4800 MHz,32 GB,512 GB SSD NVMe PCIe,,,1 TB,
332450,24 GB,Hãng không công bố,Hãng không công bố,Hãng không công bố,512 GB SSD,,,,
308697,8 GB,DDR4 (1 khe 8 GB + 1 khe rời),3200 MHz,64 GB,512 GB SSD NVMe PCIe Gen 4,,không công bố,,
317704,16 GB,DDR4 (8 GB onboard + 1 khe 8 GB),2933 MHz,16 GB,512 GB SSD NVMe PCIe Gen 4,,,1 TB,
325479,16 GB,LPDDR5X (Onboard),7467 MHz,Không hỗ trợ nâng cấp,512 GB SSD NVMe PCIe Gen 4,,,,
333105,16 GB,DDR4 (1 khe 8 GB + 1 khe 8 GB),2666 MHz,16 GB,512 GB SSD NVMe PCIe,,,2 TB,
337469,16 GB,DDR4 (1 khe 8 GB + 1 khe 8 GB),2600 MHz,16 GB,512 GB SSD NVMe PCIe,,,,
337041,16 GB,LPDDR5 (Onboard),7467 MHz,Không hỗ trợ nâng cấp,1 TB SSD PCIe,,,2 TB,
333423,16 GB,DDR5 (1 khe 16 GB + 1 khe rời),4800 MHz,64 GB,512 GB SSD NVMe PCIe,,,2 TB,
341604,16 GB,DDR4,3200 MHz,32 GB,512 GB SSD NVMe PCIe Gen 4,,,4 TB,
313974,16 GB,DDR5 (1 khe 8 GB + 1 khe 8 GB),5600 MHz,32 GB,512 GB SSD NVMe PCIe,,,,
339656,32 GB,DDR5 (1 khe 16 GB + 1 khe 16 GB),5600 MHz,64 GB,512 GB SSD NVMe PCIe Gen 4,,,1 TB (2242) / 1 TB (2280),
332370,32 GB,DDR5 (1 khe 16 GB + 1 khe 16 GB),5600 MHz,64 GB,1 TB SSD PCIe Gen 4,,,2 TB,
314849,16 GB,DDR5 (1 khe 8 GB + 1 khe 8 GB),4800 MHz,64 GB,512 GB SSD NVMe PCIe Gen 4,không công bố,,,
334440,16 GB,LPDDR5X (Onboard),5200 MHz,Không hỗ trợ nâng cấp,512 GB SSD NVMe PCIe,,,1 TB,
342469,16 GB,DDR4 (1 khe 8 GB + 1 khe 8 GB),2666 MHz,16 GB,512 GB SSD NVMe PCIe,,,2 TB (2280),
327977,16 GB,DDR4 (8 GB onboard + 1 khe 8 GB),3200 MHz,16 GB,512 GB SSD NVMe PCIe,,,,
330578,16 GB,DDR5 (1 khe 8 GB + 1 khe 8 GB),5600 MHz,32 GB,512 GB SSD NVMe PCIe Gen 4,,,1 TB,
337043,16 GB,LPDDR5 (Onboard),7467 MHz,Không hỗ trợ nâng cấp,1 TB SSD PCIe,,,2 TB,
319657,16 GB,DDR5 (1 khe 8 GB + 1 khe 8 GB),5200 MHz,32 GB,512 GB SSD NVMe PCIe,,,2 TB,
325953,16 GB,DDR5 (1 khe 8 GB + 1 khe 8 GB),5200 MHz,24 GB,1 TB SSD PCIe,,,,
331506,16 GB,LPDDR5 (Onboard),6400 MHz,Không hỗ trợ nâng cấp,512 GB SSD NVMe PCIe Gen 4,,,2 TB,
333424,16 GB,LPDDR5X (Onboard),Lên đến 8533 MHz,Không hỗ trợ nâng cấp,512 GB SSD NVMe PCIe,,,2 TB,
326641,16 GB,DDR4 (8 GB onboard + 1 khe 8 GB),3200 MHz,16 GB,512 GB SSD NVMe PCIe Gen 4,,1 TB,,
339652,32 GB,DDR5 (1 khe 16 GB + 1 khe 16 GB),5600 MHz,64 GB,1 TB SSD PCIe,,,2 TB,
322100,16 GB,DDR5 (1 khe 8 GB + 1 khe 8 GB),5600 MHz,96 GB,1 TB SSD NVMe PCIe Gen 4,,,,
329853,16 GB,DDR4 (1 khe 8 GB + 1 khe 8 GB),2666 MHz,16 GB,512 GB SSD NVMe PCIe,,2 TB,,
327898,16 GB,DDR5 (1 khe 8 GB + 1 khe 8 GB),4800 MHz,32 GB,512 GB SSD NVMe PCIe Gen 4,,,2 TB,
341568,16 GB,DDR4 (1 khe 8 GB + 1 khe 8 GB),2666 MHz,Không hỗ trợ nâng cấp,512 GB SSD NVMe PCIe,,,,
310839,16 GB,DDR4 (8 GB onboard + 1 khe 8 GB),3200 MHz,24 GB,512 GB SSD NVMe PCIe,,,,
340483,16 GB,DDR4 (Onboard),3200 MHz,Không hỗ trợ nâng cấp,512 GB SSD NVMe PCIe,,,1 TB,
338312,16 GB,DDR5 (1 khe 8 GB + 1 khe 8 GB),5200 MHz,32 GB,512 GB SSD NVMe PCIe,,,1 TB,
339201,16 GB,DDR5 (1 khe 8 GB onboard + 1 khe 8 GB),4800 MHz,56 GB,512 GB SSD NVMe PCIe,,,2 TB,
325699,8 GB,DDR4 (1 khe 8 GB + 1 khe rời),3200 MHz,32 GB,512 GB SSD NVMe PCIe Gen 4,,,2 TB,
339653,16 GB,DDR5 (1 khe 16 GB + 1 khe rời),5600 MHz,64 GB,512 GB SSD NVMe PCIe,,,2 TB,
329736,16 GB,DDR5 (1 khe 16 GB + 1 khe rời),5200 MHz,32 GB,512 GB SSD NVMe PCIe Gen 4,,,1 TB,
339265,32 GB,LPDDR5 (Onboard),6400 MHz,Không hỗ trợ nâng cấp,512 GB SSD NVMe PCIe,,,2 TB,
327710,16 GB,DDR4 (Onboard),3200 MHz,Không hỗ trợ nâng cấp,512 GB SSD NVMe PCIe,,,,
340565,16 GB,DDR4 (8 GB onboard + 1 khe 8 GB),3200 MHz,24 GB,512 GB SSD NVMe PCIe Gen 4,,,,
340562,16 GB,DDR4 (1 khe 16 GB + 1 khe rời),2666 MHz,16 GB,512 GB SSD NVMe PCIe,,,,
325477,16 GB,DDR4 (8 GB onboard + 1 khe 8 GB),3200 MHz,24 GB,512 GB SSD NVMe PCIe,,,,
342526,16 GB,DDR5 (1 khe 16 GB + 1 khe rời),4800 MHz,32 GB,1 TB SSD PCIe Gen 4x4 (2242),1 TB (2242),,,
323325,16 GB,DDR4 (1 khe 16 GB + 1 khe rời),3200 MHz,64 GB,512 GB SSD NVMe PCIe,,,,
329852,16 GB,DDR5 (1 khe 8 GB + 1 khe 8 GB),5200 MHz,16 GB,1 TB SSD PCIe,,,,
333425,16 GB,LPDDR5X (Onboard),Lên đến 8533 MHz,Không hỗ trợ nâng cấp,512 GB SSD NVMe PCIe,,,2 TB,
339655,32 GB,DDR5 (1 khe 16 GB + 1 khe 16 GB),5600 MHz,64 GB,1 TB SSD PCIe,,,2 TB,
302209,16 GB,DDR4 (1 khe 8 GB + 1 khe 8 GB),3200 MHz,32 GB,512 GB SSD NVMe PCIe,,,,
338000,16 GB,DDR5 (1 khe 8 GB + 1 khe 8 GB),5200 MHz,64 GB,512 GB SSD NVMe PCIe,,,,
309375,16 GB,DDR4 (8 GB onboard + 1 khe 8 GB),3200 MHz,40 GB,512 GB SSD NVMe PCIe,,,,
335170,16 GB,DDR4 (8 GB onboard + 1 khe 8 GB),3200 MHz,24 GB,512 GB SSD NVMe PCIe,,,1 TB,
325244,16 GB,DDR5 (1 khe 8 GB + 1 khe 8 GB),5200 MHz,32 GB,512 GB SSD NVMe PCIe,,,,
328443,16 GB,DDR5 (1 khe 8 GB + 1 khe 8 GB),5600 MHz,32 GB,512 GB SSD NVMe PCIe,,,1 TB,
338279,32 GB,LPDDR5X (Onboard),6400 MHz,Không hỗ trợ nâng cấp,512 GB SSD NVMe PCIe,,,1 TB,
304543,8 GB,DDR4 (1 khe 8 GB + 1 khe rời),Từ 2400 MHz (Hãng công bố),32 GB,512 GB SSD NVMe PCIe,,1 TB,1 TB,
332368,32 GB,DDR5 (1 khe 16 GB + 1 khe 16 GB),5600 MHz,64 GB,1 TB SSD PCIe Gen 4,,,2 TB,
326637,16 GB,DDR5 (1 khe 16 GB + 1 khe rời),4800 MHz,64 GB,512 GB SSD NVMe PCIe,,,2 TB,
329429,16 GB,DDR5 (1 khe 8 GB + 1 khe 8 GB),5200 MHz,32 GB,512 GB SSD NVMe PCIe Gen 4,,,,
328474,16 GB,DDR4 (1 khe 8 GB + 1 khe 8 GB),2666 MHz,16 GB,512 GB SSD NVMe PCIe,,,2 TB,
328483,24 GB,DDR5 (1 khe 12 GB + 1 khe 12 GB),4800 MHz,32 GB,512 GB SSD NVMe PCIe,,,1 TB,
316941,8 GB,DDR4 (1 khe 8 GB onboard + 1 khe trống),3200 MHz,64 GB,512 GB SSD NVMe PCIe Gen 4,,không công bố,,
317712,8 GB,DDR4 (1 khe 8 GB onboard + 1 khe trống),2933 MHz,16 GB,512 GB SSD NVMe PCIe,,,,
340561,16 GB,DDR4 (1 khe 16 GB + 1 khe rời),2666 MHz,16 GB,512 GB SSD NVMe PCIe,,,,
338317,16 GB,DDR4 (1 khe 8 GB + 1 khe 8 GB),2666 MHz,16 GB,1 TB SSD NVMe PCIe Gen 4,,,,
333094,32 GB,DDR5 (1 khe 16 GB + 1 khe 16 GB),4800 MHz,32 GB,1 TB SSD NVMe PCIe Gen 4,,,,
323335,16 GB,DDR4 (1 khe 16 GB + 1 khe rời),3200 MHz,64 GB,512 GB SSD NVMe PCIe,,,2 TB,
272282,8 GB,DDR4 (1 khe 8 GB + 1 khe rời),3200 MHz,32 GB,512 GB SSD NVMe PCIe,1 TB,1 TB,1 TB,
313973,16 GB,DDR5 (1 khe 8 GB + 1 khe 8 GB),5200 MHz,32 GB,512 GB SSD NVMe PCIe,,,,
321436,8 GB,DDR4 (1 khe 8 GB + 1 khe rời),3200 MHz,32 GB,512 GB SSD NVMe PCIe Gen 4,2 TB,,2 TB,
329112,16 GB,DDR5 (1 khe 16 GB + 1 khe rời),5200 MHz,32 GB,512 GB SSD NVMe PCIe Gen 4,,,1 TB,
336968,16 GB,DDR5 (1 khe 8 GB + 1 khe 8 GB),5600 MHz,96 GB,512 GB SSD NVMe PCIe,,,,
339616,24 GB,DDR5 (1 khe 12 GB + 1 khe 12 GB),4800 MHz,24 GB,1 TB SSD NVMe PCIe Gen 4,,,,
329787,16 GB,DDR5 (1 khe 16 GB + 1 khe rời),5600 MHz,32 GB,1 TB SSD NVMe PCIe Gen 4 x 4,,,4 TB,
337471,16 GB,DDR4 (1 khe 8 GB + 1 khe 8 GB),2666 MHz,16 GB,512 GB SSD NVMe PCIe,,,,
336031,32 GB,LPDDR5X (Onboard),7467 MHz,Không hỗ trợ nâng cấp,1 TB SSD NVMe PCIe Gen 4,,,,
335171,16 GB,DDR5 (Onboard),5600 MHz,Không hỗ trợ nâng cấp,512 GB SSD NVMe PCIe Gen 4,,,,
333872,16 GB,LPDDR5 (Onboard),6400 MHz,Không hỗ trợ nâng cấp,512 GB SSD NVMe PCIe,,,1 TB,
326876,8 GB,DDR5 (1 khe 8 GB + 1 khe trống),4800 MHz,16 GB,512 GB SSD NVMe PCIe,,,,
337843,16 GB,DDR5 (1 khe 16 GB + 1 khe rời),5200 MHz,64 GB,512 GB SSD NVMe PCIe,,,4 TB,
327506,16 GB,LPDDR4X (Onboard),4800 MHz,Không hỗ trợ nâng cấp,1 TB SSD PCIe,,,2 TB,
328815,16 GB,LPDDR5 (Onboard),6400 MHz,Không hỗ trợ nâng cấp,512 GB SSD NVMe PCIe Gen 4,,,,
333197,32 GB,LPDDR5X (Onboard),8533 MHz,Không hỗ trợ nâng cấp,1 TB SSD PCIe,,,,
339952,32 GB,DDR5 (1 khe 16 GB + 1 khe 16 GB),5600 MHz,96 GB,512 GB SSD NVMe PCIe,4 TB,,4 TB,
313627,16 GB,DDR4 (8 GB onboard + 1 khe 8 GB),3200 MHz,16 GB,512 GB SSD NVMe PCIe Gen 4,,,1 TB (2242) / 512 GB (2280),
339688,16 GB,DDR5 (1 khe RAM),5200 MHz,32 GB,512 GB SSD NVMe PCIe,,,,
331508,16 GB,DDR4 (1 khe 8 GB + 1 khe 8 GB),2666 MHz,16 GB,1 TB SSD PCIe,,,,
333107,16 GB,DDR5 (1 khe 8 GB + 1 khe 8 GB),4400 MHz,24 GB,512 GB SSD NVMe PCIe,,,,
339684,16 GB,DDR5 (1 khe 16 GB + 1 khe rời),5600 MHz,64 GB,1 TB SSD NVMe PCIe Gen 4,,,,
338208,16 GB,LPDDR5 (Onboard),6400 MHz,Không hỗ trợ nâng cấp,1 TB SSD PCIe,,,2 TB,
327406,16 GB,DDR4 (1 khe 16 GB + 1 khe rời),3200 MHz,32 GB,512 GB SSD NVMe PCIe,,,1 TB,
327507,16 GB,LPDDR5 (Onboard),4800 MHz,Không hỗ trợ nâng cấp,512 GB SSD NVMe PCIe,,,1 TB,
341626,16 GB,DDR4 (1 khe 16 GB + 1 khe rời),3200 MHz,64 GB,512 GB SSD NVMe PCIe,,,2 TB,
341603,16 GB,DDR5 (1 khe 16 GB + 1 khe rời),2400 MHz,96 GB,512 GB SSD NVMe PCIe,,,4 TB,
328130,16 GB,DDR5 (1 khe 16 GB + 1 khe rời),5600 MHz,64 GB,512 GB SSD NVMe PCIe Gen 4,,,2 TB,
339954,16 GB,DDR4 (1 khe 16 GB + 1 khe rời),3200 MHz,64 GB,512 GB SSD NVMe PCIe Gen 4,,,,
326558,32 GB,LPDDR5X (Onboard),7467 MHz,Không hỗ trợ nâng cấp,512 GB SSD NVMe PCIe Gen 4,,,1 TB,
337842,16 GB,DDR5 (1 khe 8 GB + 1 khe 8 GB),4800 MHz,64 GB,512 GB SSD NVMe PCIe,,,4 TB,
338315,16 GB,DDR5 (1 khe 16 GB + 1 khe rời),5600 MHz,64 GB,512 GB SSD NVMe PCIe,,,1 TB,
328951,16 GB,DDR4 (1 khe 16 GB onboard + 1 khe rời),3200 MHz,32 GB,512 GB SSD NVMe PCIe Gen 4,,,,
327409,16 GB,DDR4 (1 khe 16 GB + 1 khe rời),3200 MHz,32 GB,512 GB SSD NVMe PCIe,,,1 TB,
328950,16 GB,DDR4 (8 GB onboard + 1 khe 8 GB),3200 MHz,24 GB,512 GB SSD NVMe PCIe,,,,
327981,"16 GB (Nguyên bản 8GB, được nâng cấp thêm 8GB)",DDR4 (1 khe 8 GB + 1 khe 8 GB),2666 MHz,16 GB,512 GB SSD NVMe PCIe,,2 TB,2 TB,
341267,16 GB,LPDDR5X (Onboard),7467 MHz,Không hỗ trợ nâng cấp,512 GB SSD PCIe (2280),,,1 TB (2280),
318354,8 GB,DDR5 (1 khe 8 GB + 1 khe trống),5200 MHz,32 GB,512 GB SSD NVMe PCIe,,,2 TB,
325586,16 GB,DDR5 (1 khe 8 GB + 1 khe 8 GB),5200 MHz,64 GB,512 GB SSD NVMe PCIe Gen 4,,,,
338280,32 GB,LPDDR5X (Onboard),8533 MHz,Không hỗ trợ nâng cấp,1 TB SSD NVMe PCIe Gen 4,,,,
335549,16 GB,LPDDR5X (Onboard),6400 MHz,Không hỗ trợ nâng cấp,512 GB SSD NVMe PCIe Gen 4,,,1 TB,
325051,16 GB,LPDDR5X (Onboard),6400 MHz,Không hỗ trợ nâng cấp,512 GB SSD NVMe PCIe,,,2 TB,
339686,16 GB,DDR4 (1 khe 16 GB + 1 khe rời),3200 MHz,64 GB,512 GB SSD NVMe PCIe,,,2 TB,
328946,16 GB,DDR4 (1 khe 8 GB + 1 khe 8 GB),2666 MHz,16 GB,512 GB SSD NVMe PCIe,,,,
331526,16 GB,LPDDR5 (Onboard),6400 MHz,Không hỗ trợ nâng cấp,512 GB SSD NVMe PCIe,,,1 TB,
302533,8 GB,DDR4 (1 khe 4 GB + 1 khe 4 GB),3200 MHz,32 GB,512 GB SSD NVMe PCIe,,,,
325480,16 GB,LPDDR5X (Onboard),4266 MHz,Không hỗ trợ nâng cấp,512 GB SSD NVMe PCIe Gen 4,,,,
328473,16 GB,DDR4 (1 khe 8 GB + 1 khe 8 GB),2666 MHz,16 GB,512 GB SSD NVMe PCIe,,,,
328947,16 GB,DDR5 (1 khe 8 GB onboard + 1 khe 8 GB),5200 MHz,24 GB,1 TB SSD PCIe,,,,
327508,8 GB,DDR5 (1 khe 8 GB + 1 khe trống),4800 MHz,64 GB,512 GB SSD NVMe PCIe,,,2 TB,
342514,16 GB,DDR5 (1 khe 16 GB + 1 khe rời),5600 MHz,32 GB,512 GB SSD NVMe PCIe Gen 4,2 TB (2280),,1 TB (2242),
325588,32 GB,DDR5 (1 khe 16 GB + 1 khe 16 GB),5600 MHz,96 GB,1 TB SSD NVMe PCIe Gen 4,,,,
329867,16 GB,DDR5 (1 khe 8 GB + 1 khe 8 GB),4800 MHz,32 GB,512 GB SSD NVMe PCIe,,,2 TB,
322098,16 GB,DDR5 (1 khe 8 GB + 1 khe 8 GB),5600 MHz,64 GB,512 GB SSD NVMe PCIe Gen 4,,,,
339953,16 GB,DDR4 (1 khe 8 GB + 1 khe 8 GB),3200 MHz,64 GB,512 GB SSD NVMe PCIe,,không công bố,,
339211,16 GB,DDR5 (1 khe 16 GB + 1 khe rời),5200 MHz,64 GB,512 GB SSD NVMe PCIe,,,4 TB,
329858,16 GB,DDR4 (8 GB onboard + 1 khe 8 GB),3200 MHz,16 GB,512 GB SSD NVMe PCIe,,,,
331527,32 GB,LPDDR5 (Onboard),6400 MHz,Không hỗ trợ nâng cấp,512 GB SSD NVMe PCIe,,,1 TB,
309565,16 GB,DDR4 (1 khe 8 GB + 1 khe 8 GB),3200 MHz,32 GB,512 GB SSD NVMe PCIe,,,,
333098,16 GB,LPDDR5X (Onboard),7467 MHz,Không hỗ trợ nâng cấp,512 GB SSD NVMe PCIe Gen 4,,,,
327901,16 GB,DDR5 (1 khe 8 GB + 1 khe 8 GB),4800 MHz,32 GB,1 TB SSD PCIe Gen 4,,,2 TB,
327900,16 GB,DDR5 (1 khe 8 GB + 1 khe 8 GB),4800 MHz,32 GB,1 TB SSD PCIe Gen 4,,,2 TB,
326194,16 GB,DDR4 (1 khe 8 GB + 1 khe 8 GB),2666 MHz,16 GB,512 GB SSD NVMe PCIe,,,,
339661,32 GB,LPDDR5X (Onboard),8533 MHz,Không hỗ trợ nâng cấp,512 GB SSD NVMe PCIe,,,2 TB,
313332,8 GB,DDR4 (1 khe 8 GB + 1 khe rời),3200 MHz,32 GB,512 GB SSD NVMe PCIe Gen 4,không công bố,1 TB,1 TB,
339647,32 GB,DDR5 (1 khe 16 GB + 1 khe 16 GB),5600 MHz,32 GB,1 TB SSD NVMe PCIe Gen 4,,,,
332397,16 GB,LPDDR5X (Onboard),8533 MHz,Không hỗ trợ nâng cấp,1 TB SSD PCIe,,,2 TB,
328945,16 GB,DDR4 (1 khe 8 GB + 1 khe 8 GB),2666 MHz,16 GB,512 GB SSD NVMe PCIe,,,,
312414,8 GB,DDR4 (1 khe 8 GB onboard + 1 khe trống),3200 MHz,16 GB,512 GB SSD NVMe PCIe,,,,
327899,16 GB,DDR5 (1 khe 8 GB + 1 khe 8 GB),4800 MHz,32 GB,512 GB SSD NVMe PCIe Gen 4,,,2 TB,
342501,32 GB,DDR5 (1 khe 16 GB + 1 khe 16 GB),5600 MHz,32 GB,512 GB SSD NVMe PCIe Gen 4,không công bố,,1 TB (2242),
333873,16 GB,LPDDR5 (Onboard),6400 MHz,Không hỗ trợ nâng cấp,512 GB SSD NVMe PCIe,,,1 TB,
322003,8 GB,LPDDR5 (Onboard),6400 MHz,Không hỗ trợ nâng cấp,512 GB SSD NVMe PCIe,,,1 TB,
335550,24 GB,DDR5 (1 khe 8 GB onboard + 1 khe 16 GB),4800 MHz,24 GB,512 GB SSD NVMe PCIe Gen 4,,,1 TB,
340006,16 GB,DDR5 (1 khe 16 GB + 1 khe rời),5600 MHz,96 GB,512 GB SSD NVMe PCIe,,,,
335832,32 GB,LPDDR5 (Onboard),8533 MHz,Không hỗ trợ nâng cấp,1 TB SSD PCIe Gen 4,,,2 TB,
339680,16 GB,DDR5 (1 khe 8 GB + 1 khe 8 GB),5200 MHz,32 GB,512 GB SSD NVMe PCIe,,,,
341266,16 GB,LPDDR5X (Onboard),7467 MHz,Không hỗ trợ nâng cấp,512 GB SSD PCIe (2280),,,1 TB (2280),
334800,16 GB,LPDDR5X (Onboard),8448 MHz,Không hỗ trợ nâng cấp,512 GB SSD NVMe PCIe,,,,
339212,16 GB,DDR5 (1 khe 8 GB + 1 khe 8 GB),4800 MHz,64 GB,512 GB SSD NVMe PCIe,,,4 TB,
339690,16 GB,DDR5 (1 khe RAM),5200 MHz,32 GB,1 TB SSD NVMe PCIe Gen 4,,,,
337237,16 GB,DDR5 (1 khe 8 GB onboard + 1 khe 8 GB),4800 MHz,24 GB,512 GB SSD NVMe PCIe,,,1 TB,
322959,32 GB,LPDDR5 (Onboard),6400 MHz,Không hỗ trợ nâng cấp,1 TB SSD NVMe PCIe Gen 4,,,,
334796,16 GB,LPDDR5X (Onboard),7467 MHz,Không hỗ trợ nâng cấp,512 GB SSD NVMe PCIe,,,,
341623,16 GB,DDR5 (1 khe 8 GB + 1 khe 8 GB),5600 MHz,16 GB,512 GB SSD NVMe PCIe Gen 4,,,1 TB,
326148,16 GB,DDR4 (1 khe 8 GB + 1 khe 8 GB),2666 MHz,16 GB,512 GB SSD NVMe PCIe,,,,
333099,32 GB,LPDDR5X (Onboard),7467 MHz,Không hỗ trợ nâng cấp,1 TB SSD NVMe PCIe Gen 4,,,,
337242,16 GB,DDR5 (1 khe 8 GB onboard + 1 khe 8 GB),4800 MHz,24 GB,512 GB SSD NVMe PCIe,,,1 TB,
326280,16 GB,DDR5 (1 khe 8 GB + 1 khe 8 GB),5600 MHz,64 GB,1 TB SSD PCIe,,,,
332579,16 GB,DDR5 (1 khe 16 GB + 1 khe rời),5600 MHz,96 GB,512 GB SSD NVMe PCIe,,,4 TB,
341750,32 GB,DDR5 (1 khe 16 GB + 1 khe 16 GB),5600 MHz,64 GB,1 TB SSD PCIe Gen 4,,,4 TB,
338321,16 GB,DDR5 (1 khe 16 GB onboard + 1 khe rời),4800 MHz,32 GB,512 GB SSD NVMe PCIe,,,,
335172,24 GB,LPDDR5X (Onboard),8000 MHz,Không hỗ trợ nâng cấp,512 GB SSD NVMe PCIe,,,,
326059,16 GB,DDR5 (1 khe 8 GB + 1 khe 8 GB),5600 MHz,32 GB,512 GB SSD NVMe PCIe,,,1 TB,
329337,16 GB,DDR4 (1 khe 8 GB + 1 khe 8 GB),3200 MHz,32 GB,512 GB SSD NVMe PCIe,2 TB,không công bố,1 TB,
329789,32 GB,DDR5 (1 khe 16 GB + 1 khe 16 GB),5600 MHz,32 GB,1 TB SSD NVMe PCIe Gen 4 x 4,,,4 TB,
323585,32 GB,DDR5 (1 khe 16 GB + 1 khe 16 GB),5600 MHz,64 GB,1 TB SSD PCIe Gen 4,,,2 TB,
341608,16 GB,DDR5 (1 khe 16 GB + 1 khe rời),2400 MHz,96 GB,512 GB SSD NVMe PCIe,,,4 TB,
317709,16 GB,DDR4 (1 khe 8 GB + 1 khe 8 GB),3200 MHz,32 GB,1 TB SSD PCIe,1 TB,,,
334799,16 GB,DDR5 (Onboard),5200 MHz,Không hỗ trợ nâng cấp,512 GB SSD NVMe PCIe,,,,
326824,16 GB,LPDDR5 (Onboard),6400 MHz,Không hỗ trợ nâng cấp,512 GB SSD NVMe PCIe,,,,
335020,32 GB,LPDDR5X (Onboard),8533 MHz,Không hỗ trợ nâng cấp,1 TB SSD NVMe PCIe Gen 4 x 4,không công bố,,4 TB,
339659,32 GB,LPDDR5X (Onboard),8400 MHz,Không hỗ trợ nâng cấp,1 TB SSD PCIe Gen 4,,,2 TB,
341751,16 GB,DDR5 (1 khe 16 GB + 1 khe rời),5200 MHz,64 GB,512 GB SSD PCIe (2280),,,4 TB (2280),
339685,16 GB,DDR5 (1 khe 16 GB + 1 khe rời),5600 MHz,64 GB,1 TB SSD NVMe PCIe Gen 4,,,,
311145,8 GB,DDR4 (1 khe 4 GB + 1 khe 4 GB),3200 MHz,16 GB,512 GB SSD NVMe PCIe,,,,
315892,16 GB,DDR5 (1 khe 8 GB + 1 khe 8 GB),4800 MHz,32 GB,512 GB SSD NVMe PCIe Gen 4,2 TB,,2 TB,
327408,16 GB,DDR4 (1 khe 16 GB + 1 khe rời),3200 MHz,32 GB,512 GB SSD NVMe PCIe,,,1 TB,
334444,16 GB,DDR5 (1 khe 8 GB onboard + 1 khe 8 GB),4800 MHz,24 GB,512 GB SSD NVMe PCIe Gen 4,,,1 TB,
339648,32 GB,DDR5 (1 khe 16 GB + 1 khe 16 GB),5600 MHz,32 GB,1 TB SSD NVMe PCIe Gen 4,,,,
341611,16 GB,DDR5 (1 khe 8 GB + 1 khe 8 GB),5600 MHz,96 GB,512 GB SSD PCIe (2280),,,4 TB (2280),
321468,32 GB,LPDDR5X (Onboard),4800 MHz,32 GB,1 TB SSD NVMe PCIe Gen 4,,,,
322099,16 GB,DDR5 (1 khe 8 GB + 1 khe 8 GB),5600 MHz,96 GB,512 GB SSD NVMe PCIe Gen 4,,,,
330165,16 GB,DDR4 (8 GB onboard + 1 khe 8 GB),2666 MHz,16 GB,512 GB SSD NVMe PCIe,,,,
334798,32 GB,LPDDR5X (Onboard),7467 MHz,Không hỗ trợ nâng cấp,1 TB SSD NVMe PCIe Gen 4,,,,
315911,8 GB,DDR4 (1 khe 4 GB + 1 khe 4 GB),3200 MHz,32 GB,512 GB SSD NVMe PCIe,,,,
341752,16 GB,DDR5 (1 khe 16 GB + 1 khe rời),5200 MHz,64 GB,512 GB SSD PCIe (2280),,,4 TB (2280),
337241,24 GB,DDR5 (1 khe 8 GB onboard + 1 khe 16 GB),4800 MHz,24 GB,512 GB SSD NVMe PCIe,,,1 TB,
339658,32 GB,LPDDR5X (Onboard),7467 MHz,Không hỗ trợ nâng cấp,512 GB SSD NVMe PCIe,,,2 TB,
320431,16 GB,LPDDR5X (Onboard),5200 MHz,Không hỗ trợ nâng cấp,512 GB SSD NVMe PCIe Gen 4,,,,
327974,16 GB,DDR4 (1 khe 8 GB + 1 khe 8 GB),3200 MHz,32 GB,512 GB SSD NVMe PCIe,,,1 TB,
325002,16 GB,DDR5 (1 khe 8 GB + 1 khe 8 GB),5200 MHz,32 GB,512 GB SSD NVMe PCIe,,,1 TB,
339662,32 GB,LPDDR5X (Onboard),8533 MHz,Không hỗ trợ nâng cấp,1 TB SSD PCIe Gen 4,,,2 TB,
337841,32 GB,DDR5 (1 khe 16 GB + 1 khe 16 GB),5600 MHz,64 GB,1 TB SSD NVMe PCIe Gen 4 x 4,,,4 TB,
342752,16 GB,DDR5 (1 khe 16 GB + 1 khe rời),5200 MHz,32 GB,512 GB SSD NVMe PCIe Gen 4,,,1 TB,
326864,16 GB,DDR5 (1 khe 8 GB + 1 khe 8 GB),5200 MHz,32 GB,1 TB SSD PCIe,,,,
334802,32 GB,LPDDR5X (Onboard),7500 MHz,Không hỗ trợ nâng cấp,512 GB SSD NVMe PCIe Gen 4,,,,
335835,16 GB,LPDDR5 (Onboard),8448 MHz,Hãng không công bố,512 GB SSD NVMe PCIe,,,2 TB,
339234,16 GB,LPDDR5X (Onboard),8448 MHz,Không hỗ trợ nâng cấp,512 GB SSD NVMe PCIe,,,,
337236,32 GB,LPDDR5X (Onboard),8533 MHz,Không hỗ trợ nâng cấp,1 TB SSD PCIe,,,,
339951,16 GB,DDR5 (1 khe 8 GB + 1 khe 8 GB),5600 MHz,96 GB,512 GB SSD NVMe PCIe,,,4 TB,
327509,16 GB,DDR4 (1 khe 8 GB + 1 khe 8 GB),2666 MHz,16 GB,512 GB SSD NVMe PCIe,,1 TB,2 TB (2280) / 1 TB (2230),
334805,"16 GB (Nguyên bản 8GB, được nâng cấp thêm 8GB)",DDR5 (1 khe 8 GB + 1 khe 8 GB),5200 MHz,64 GB,512 GB SSD NVMe PCIe,,,1 TB,
322269,16 GB,DDR5 (1 khe 8 GB + 1 khe 8 GB),4800 MHz,32 GB,512 GB SSD NVMe PCIe Gen 4,,,1 TB,
335551,16 GB,DDR5 (1 khe 8 GB onboard + 1 khe 8 GB),4800 MHz,24 GB,512 GB SSD NVMe PCIe Gen 4,,,1 TB,
338313,16 GB,LPDDR5X (Onboard),6400 MHz,Không hỗ trợ nâng cấp,512 GB SSD NVMe PCIe,,,2 TB,
342758,16 GB,DDR5 (1 khe 8 GB onboard + 1 khe 8 GB),4800 MHz,24 GB,512 GB SSD NVMe PCIe Gen 4,,,1 TB (2280),
330579,32 GB,LPDDR5X (Onboard),8533 MHz,Không hỗ trợ nâng cấp,1 TB SSD NVMe PCIe Gen 4,,,,
334806,16 GB,DDR5 (1 khe 16 GB onboard + 1 khe rời),4800 MHz,32 GB,512 GB SSD NVMe PCIe Gen 4,,,,
341609,32 GB,DDR5 (1 khe 16 GB + 1 khe 16 GB),5600 MHz,96 GB,512 GB SSD PCIe (2280),,,4 TB (2280),
339541,32 GB,DDR5 (1 khe 16 GB + 1 khe 16 GB),6400 MHz,32 GB,1 TB SSD NVMe PCIe,,,1 TB (2242) / 2 TB (2280),
325242,16 GB,DDR4 (1 khe 8 GB + 1 khe 8 GB),2666 MHz,Không hỗ trợ nâng cấp,512 GB SSD NVMe PCIe,,2 TB,2 TB (2280) / 1 TB (2230),
311117,16 GB,DDR4 (8 GB onboard + 1 khe 8 GB),3200 MHz,24 GB,512 GB SSD NVMe PCIe,,,,
339542,32 GB,DDR5 (1 khe 16 GB + 1 khe 16 GB),6400 MHz,32 GB,1 TB SSD NVMe PCIe,,,1 TB (2242) / 2 TB (2280),
339682,16 GB,LPDDR5X (Onboard),8448 MHz,Không hỗ trợ nâng cấp,512 GB SSD NVMe PCIe,,,,
327982,16 GB,DDR4 (1 khe 8 GB + 1 khe 8 GB),2666 MHz,16 GB,512 GB SSD NVMe PCIe Gen 4,,2 TB,,
328239,16 GB,LPDDR5X (Onboard),7467 MHz,Không hỗ trợ nâng cấp,1 TB SSD NVMe PCIe Gen 4,,,,
341610,16 GB,DDR5 (1 khe 8 GB + 1 khe 8 GB),5600 MHz,96 GB,512 GB SSD PCIe (2280),,,4 TB (2280),
320434,16 GB,DDR5 (1 khe 8 GB + 1 khe 8 GB),4800 MHz,32 GB,512 GB SSD NVMe PCIe Gen 4,,,2 TB,
339650,32 GB,DDR5 (1 khe 16 GB + 1 khe 16 GB),5600 MHz,32 GB,1 TB SSD NVMe PCIe Gen 4,,,,
340563,16 GB,LPDDR5X (Onboard),8448 MHz,Không hỗ trợ nâng cấp,1 TB SSD PCIe,,,,
341564,16 GB,DDR5 (1 khe 8 GB + 1 khe 8 GB),5600 MHz,32 GB,1 TB SSD NVMe PCIe Gen 4,,,,
309243,8 GB,DDR4 (1 khe 8 GB + 1 khe rời),2666 MHz,16 GB,512 GB SSD NVMe PCIe,,2 TB,,
325583,32 GB,DDR5 (1 khe 16 GB + 1 khe 16 GB),5600 MHz,96 GB,1 TB SSD NVMe PCIe Gen 4,không công bố,,,gen 5 supported
339660,32 GB,LPDDR5X (Onboard),8400 MHz,Không hỗ trợ nâng cấp,1 TB SSD PCIe Gen 4,,,2 TB,
329851,16 GB,DDR5 (1 khe 8 GB + 1 khe 8 GB),5200 MHz,16 GB,1 TB SSD PCIe,,,,
334797,16 GB,LPDDR5X (Onboard),7467 MHz,Không hỗ trợ nâng cấp,512 GB SSD NVMe PCIe,,,,
335181,16 GB,LPDDR5X (Onboard),6400 MHz,Không hỗ trợ nâng cấp,512 GB SSD NVMe PCIe Gen 4,,,2 TB,
340488,16 GB,DDR5 (1 khe 16 GB + 1 khe rời),5600 MHz,32 GB,512 GB SSD NVMe PCIe,,,1 TB,
339689,16 GB,DDR5 (1 khe RAM),5200 MHz,32 GB,512 GB SSD NVMe PCIe,,,,
342495,16 GB,DDR5 (1 khe 8 GB + 1 khe 8 GB),5600 MHz,32 GB,512 GB SSD NVMe PCIe Gen 4,không công bố,,1 TB (2242),
325575,32 GB,DDR5 (1 khe 16 GB + 1 khe 16 GB),5600 MHz,96 GB,2 TB SSD NVMe PCIe,không công bố,,,gen 5 supported
342497,32 GB,DDR5 (1 khe 16 GB + 1 khe 16 GB),5600 MHz,32 GB,1 TB SSD NVMe PCIe Gen 4,không công bố,,1 TB (2242),
341566,32 GB,DDR5 (1 khe 16 GB + 1 khe 16 GB),5600 MHz,32 GB,1 TB SSD NVMe PCIe Gen 4 x 4,,,,
332350,32 GB,LPDDR5X (Onboard),8533 MHz,Không hỗ trợ nâng cấp,1 TB SSD NVMe PCIe Gen 4,,,,
332352,32 GB,LPDDR5X (Onboard),8533 MHz,Không hỗ trợ nâng cấp,1 TB SSD NVMe PCIe Gen 4,,,,
341565,16 GB,DDR5 (1 khe 8 GB + 1 khe 8 GB),5600 MHz,16 GB,1 TB SSD NVMe PCIe,,,,
335010,64 GB,DDR5 (1 khe 32 GB + 1 khe 32 GB),6400 MHz,96 GB,4 TB SSD NVMe Gen 4x4,2 TB SSD NVMe PCIe Gen 5x4,,,gen 5 supported
341567,32 GB,DDR5 (1 khe 16 GB + 1 khe 16 GB),5600 MHz,32 GB,1 TB SSD PCIe,,,,
335112,64 GB,DDR5 (1 khe 32 GB + 1 khe 32 GB),6400 MHz,96 GB,2 TB SSD NVMe PCIe Gen 5x4,2 TB SSD NVMe PCIe Gen 4x4,,,
335113,32 GB,DDR5 (1 khe 16 GB + 1 khe 16 GB),5600 MHz,96 GB,2 TB SSD NVMe PCIe Gen 4x4,,,,
342756,16 GB,DDR4 (8 GB onboard + 1 khe 8 GB),2660 MHz,16 GB,512 GB SSD NVMe PCIe (2230/2280),,,,
342024,16 GB,Hãng không công bố,Hãng không công bố,Không hỗ trợ nâng cấp,256 GB SSD,,,,
231244,8 GB,Hãng không công bố,Hãng không công bố,Không hỗ trợ nâng cấp,256 GB SSD,,,,
342942,16 GB,DDR4 (1 khe 8 GB + 1 khe 8 GB),3200 MHz,64 GB,512 GB SSD NVMe PCIe Gen 4,,không công bố,4 TB,
342755,16 GB,DDR4 (1 khe 16 GB + 1 khe rời),3200 MHz,64 GB,512 GB SSD NVMe PCIe,,,1 TB,
342507,16 GB,DDR5 (1 khe 16 GB + 1 khe rời),5600 MHz,32 GB,512 GB SSD NVMe PCIe Gen 4,1 TB (2242),,1 TB (2242),
341621,16 GB,DDR4 (1 khe 8 GB + 1 khe 8 GB),3200 MHz,16 GB,1 TB SSD NVMe PCIe,,,,
342519,16 GB,DDR5 (1 khe 16 GB + 1 khe rời),5600 MHz,32 GB,1 TB SSD NVMe PCIe Gen 4 x 4,1 TB (2280),,1 TB (2242) / 1 TB (2280),
342941,16 GB,DDR4 (1 khe 8 GB + 1 khe 8 GB),3200 MHz,64 GB,512 GB SSD PCIe (2280),,,4 TB (2280),
328599,4 GB,LPDDR4X (Onboard),2933 MHz,Không hỗ trợ nâng cấp,eMMC 32 GB,,,,
332451,36 GB,Hãng không công bố,Hãng không công bố,Hãng không công bố,1 TB SSD,,,,
335366,24 GB,Hãng không công bố,Hãng không công bố,Không hỗ trợ nâng cấp,256 GB SSD,,,,
341622,16 GB,DDR4 (1 khe 8 GB + 1 khe 8 GB),3200 MHz,16 GB,512 GB SSD NVMe PCIe,,,1 TB,
305009,16 GB,DDR4 (8 GB onboard + 1 khe 8 GB),3200 MHz,24 GB,512 GB SSD NVMe PCIe,,,1 TB,
331523,16 GB,LPDDR5 (Onboard),7467 MHz,Không hỗ trợ nâng cấp,512 GB SSD NVMe PCIe,,,1 TB,
331567,24 GB,Hãng không công bố,Hãng không công bố,Hãng không công bố,1 TB SSD,,,,
335369,32 GB,Hãng không công bố,Hãng không công bố,Không hỗ trợ nâng cấp,256 GB SSD,,,,
339558,32 GB,LPDDR5X (Onboard),8533 MHz,Không hỗ trợ nâng cấp,1 TB SSD PCIe,,,2 TB,
341613,32 GB,DDR5 (1 khe 16 GB + 1 khe 16 GB),5600 MHz,96 GB,512 GB SSD NVMe PCIe Gen 4,,,,
328598,4 GB,LPDDR4X (Onboard),2933 MHz,Không hỗ trợ nâng cấp,eMMC 32 GB,,,,
331522,16 GB,LPDDR5 (Onboard),7467 MHz,Không hỗ trợ nâng cấp,512 GB SSD NVMe PCIe,,,1 TB,
332448,16 GB,Hãng không công bố,Hãng không công bố,Hãng không công bố,512 GB SSD,,,,
334694,16 GB,DDR5 (1 khe 8 GB + 1 khe 8 GB),5600 MHz,64 GB,1 TB SSD NVMe PCIe Gen 4 x 4,,,4 TB,
337040,32 GB,LPDDR5 (Onboard),8448 MHz,Không hỗ trợ nâng cấp,1 TB SSD PCIe,,,2 TB,
337844,16 GB,DDR5 (1 khe 8 GB + 1 khe 8 GB),4800 MHz,64 GB,1 TB SSD NVMe PCIe Gen 4 x 4,,,4 TB,
339235,16 GB,LPDDR5X (Onboard),7500 MHz,Không hỗ trợ nâng cấp,512 GB SSD NVMe PCIe Gen 4,,,,
339236,24 GB,LPDDR5X (Onboard),8000 MHz,Không hỗ trợ nâng cấp,1 TB SSD NVMe PCIe Gen 4,,,,
341269,32 GB,LPDDR5X (Onboard),8533 MHz,Không hỗ trợ nâng cấp,1 TB SSD PCIe,,,2 TB,
342505,32 GB,LPDDR5X (Onboard),8533 MHz,32 GB,1 TB SSD NVMe PCIe Gen 4x4 (2242),,,,
284343,8 GB,DDR5 (1 khe 8 GB + 1 khe trống),4800 MHz,32 GB,512 GB SSD NVMe PCIe,không công bố,,,
332274,16 GB,LPDDR5X (Onboard),7467 MHz,Không hỗ trợ nâng cấp,1 TB SSD PCIe,,,2 TB,
335015,16 GB,DDR5 (1 khe 8 GB + 1 khe 8 GB),6400 MHz,96 GB,1 TB SSD NVMe PCIe Gen 4,không công bố,,,gen 5 supported
335963,192 GB,DDR5 (mỗi khe 48 GB),4000 MHz,192 GB,6 TB SSD NVMe,,,,
335964,64 GB,DDR5 (mỗi khe 16 GB),4000 MHz,192 GB,3 TB SSD NVMe,,,,
341268,32 GB,LPDDR5X (Onboard),8533 MHz,Không hỗ trợ nâng cấp,1 TB SSD PCIe,,,2 TB,
341572,32 GB,LPDDR5 (1 khe onboard),8533 MHz,32 GB,2 TB SSD NVMe PCIe Gen 4x4,,,,
341573,32 GB,DDR5 (1 khe 16 GB + 1 khe 16 GB),5600 MHz,96 GB,2 TB SSD NVMe PCIe Gen 4x4,,,,
342504,32 GB,LPDDR5X (Onboard),8533 MHz,32 GB,1 TB SSD NVMe PCIe Gen 4x4 (2242),,,,
342508,32 GB,LPDDR5X (Onboard),8400 MHz,32 GB,1 TB SSD NVMe PCIe,,,2 TB (2280) 4x4,
342517,24 GB,DDR5 (1 khe 12 GB + 1 khe 12 GB),4800 MHz,32 GB,1 TB SSD NVMe PCIe Gen 4 x 4,,,1 TB (2242) / 1 TB (2280),
342523,24 GB,DDR5 (1 khe 24 GB + 1 khe trống),5600 MHz,32 GB,1 TB SSD NVMe PCIe Gen 4 x 4,,,1 TB (2242) / 1 TB (2280),
342721,32 GB,DDR5 (1 khe 16 GB + 1 khe 16 GB),5600 MHz,32 GB,512 GB SSD PCIe (2280),1 TB (2280),,1 TB (2280),
342725,16 GB,DDR4 (1 khe 8 GB + 1 khe 8 GB),3200 MHz,16 GB,512 GB SSD PCIe (2280),,,1 TB (2280),
