Thông tin Pin,Hệ điều hành,Thời điểm ra mắt,Kích thước,Chất liệu,data_id
"3-cell Li-ion, 41 Wh",Windows 11 Home SL,2023,Dài 359.8 mm - Rộng 236 mm - Dày 18.6 mm - 1.59 kg,Vỏ nhựa,327098
"3-cell Li-ion, 42 Wh",Windows 11 Home SL,2023,Dài 360.3 mm - Rộng 232.5 mm - Dày 17.9 mm - 1.63 kg,Vỏ nhựa,311178
60 Wh,Windows 11 Home SL,2024,Dài 343.4 mm - Rộng 239.5 mm - Dày 17.9 mm - 1.63 kg,Vỏ nhựa - nắp lưng bằng kim loại,334442
"Li-Po, 53.8 Wh",macOS Sequoia,03/2025,Dài 304.1 mm - Rộng 215 mm - Dày 11.3 mm - 1.24 kg,Vỏ nhôm tái chế 100%,335362
"3-cell Li-ion, 41 Wh",Windows 11 Home SL + Office Home 2024 vĩnh viễn,2025,Dài 358.5 mm - Rộng 235.56 mm - Dày 18.99 mm - 1.9 kg,Vỏ nhựa,337470
"3-cell Li-ion, 58 Wh",Windows 11 Home SL,2025,Dài 357.5 mm - Rộng 229.1 mm - Dày 19.9 mm - 1.79 kg,Vỏ nhựa,336967
"3-cell Li-ion, 41 Wh",Windows 11 Home SL + Office Home & Student 2021 vĩnh viễn,2022,Dài 358.5 mm - Rộng 235.56 mm - Dày 18.99 mm - 1.9 kg,Vỏ nhựa,321192
"3-cell Li-ion, 41 Wh",Windows 11 Home SL,2025,Dài 324 mm - Rộng 215 mm - Dày 17.9 mm - 1.36 kg,Vỏ nhựa,338207
"3-cell Li-ion, 42 Wh",Windows 11 Home SL,2025,Dài 359.7 mm - Rộng 232.5 mm - Dày 17.9 mm - 1.7 kg,Vỏ nhựa,334792
60 Wh,Windows 11 Home SL,2024,Dài 360 mm - Rộng 251 mm - Dày 17.9 mm - 1.73 kg,Vỏ nhựa - nắp lưng bằng kim loại,334450
"4-cell, 57Wh",Windows 11 Home SL,,Dài 362.3 mm - Rộng 239.89 mm - Dày 23.5 mm - 2.1 kg,Vỏ nhựa,333427
"3-cell Li-ion, 52.4 Wh",Windows 11 Home SL,2024,Dài 359 mm - Rộng 254 mm - Dày 21.7 mm - 1.86 kg,Vỏ nhựa - nắp lưng bằng kim loại,326124
Lên đến 18 giờ,macOS,6/2022,Dài 304.1 mm - Rộng 215 mm - Dày 11.3 mm - 1.24 kg,Vỏ kim loại,289472
"3-cell Li-ion, 41 Wh",Windows 11 Home SL + Office Home 2024 vĩnh viễn + Microsoft 365 Basic,2024,Dài 358.5 mm - Rộng 235.56 mm - Dày 18.99 mm - 1.66 kg,Vỏ nhựa,334803
57Wh,Windows 11 Home SL,2024,Dài 359.3 mm - Rộng 236 mm - Dày 22.95 mm - 1.77 kg,Vỏ nhựa,335556
"3-cell Li-ion, 42 Wh",Windows 11 Home SL + Office Home 2024 vĩnh viễn + Microsoft 365 Basic,2025,Dài 359.7 mm - Rộng 232.5 mm - Dày 17.9 mm - 1.7 kg,Vỏ nhựa,338323
"3-cell Li-ion, 41 Wh",Windows 11 Home SL,2024,Dài 359.8 mm - Rộng 236 mm - Dày 18.6 mm - 1.59 kg,Vỏ nhựa,326050
"3-cell Li-ion, 58 Wh",Windows 11 Home SL,2024,Dài 313.3 mm - Rộng 218 mm - Dày 16.9 mm - 1.5 kg,Vỏ nhựa - nắp lưng bằng kim loại,334996
"3-cell, 45Wh",Windows 11 Home SL,2024,Dài 358.9 mm - Rộng 235.9 mm - Dày 19.9 mm - 1.7 kg,Vỏ nhựa,331362
47 Wh,Windows 11 Home SL,2024,Dài 359.3 mm - Rộng 235 mm - Dày 17.9 mm - 1.62 kg,Vỏ nhựa,325500
"3-cell, 50Wh",Windows 11 Home SL + Office Home 2024 vĩnh viễn + Microsoft 365 Basic,2025,Dài 356.8 mm - Rộng 227.6 mm - Dày 19.9 mm - 1.7 kg,Vỏ nhựa,340564
"4-cell, 54Wh",Windows 11 Home SL + Office Home 2024 vĩnh viễn + Microsoft 365 Basic,2025,Dài 358.5 mm - Rộng 235.56 mm - Dày 18.99 mm - 1.66 kg,Vỏ nhựa,338311
"3-cell Li-ion, 41 Wh",Windows 11 Home SL,2023,Dài 359.8 mm - Rộng 236 mm - Dày 18.6 mm - 1.59 kg,Vỏ nhựa,323920
"3-cell, 50Wh",Windows 11 Home SL,2024,Dài 362.9 mm - Rộng 239.69 mm - Dày 18.9 mm - 1.75 kg,Vỏ nhựa,334997
"Li-Po, 66.5 Wh",macOS Sequoia,03/2025,Dài 340.4 mm - Rộng 237.6 mm - Dày 11.5 mm - 1.51 kg,Vỏ nhôm tái chế 100%,335372
"3-cell Li-ion, 52.4 Wh",Windows 11 Home SL,2024,Dài 359 mm - Rộng 254 mm - Dày 21.7 mm - 1.86 kg,Vỏ nhựa,326279
"3-Cell, 39.3 Wh",Windows 11 Home SL,2023,Dài 359 mm - Rộng 241 mm - Dày 19.9 mm - 1.7 kg,Vỏ nhựa,310449
"3 cell, 41.04 Wh",Windows 11 Home SL,2023,Dài 359.8 mm - Rộng 236 mm - Dày 18.6 mm - 1.59 kg,Vỏ nhựa,340486
60 Wh,Windows 11 Home SL,2024,Dài 343.4 mm - Rộng 239.5 mm - Dày 17.9 mm - 1.63 kg,Vỏ nhựa - nắp lưng bằng kim loại,334446
"3-cell Li-ion, 42 Wh",Windows 11 Home SL,2024,Dài 322.17 mm - Rộng 219.43 mm - Dày 19.34 mm - 1.5 kg,Vỏ nhựa,339679
"4-cell, 57Wh",Windows 11 Home SL,,Dài 362.3 mm - Rộng 239.89 mm - Dày 23.5 mm - 2.1 kg,Vỏ nhựa,333430
"4-cell, 56Wh",Windows 11 Home SL,2024,Dài 354 mm - Rộng 251 mm - Dày 24.9 mm - 2.2 kg,Vỏ nhựa - nắp lưng bằng kim loại,328235
"3-cell, 52.5Wh",Windows 11 Home SL,2023,Dài 357.9 mm - Rộng 255 mm - Dày 23.5 mm - 2.29 kg,Vỏ nhựa,321467
60 Wh,Windows 11 Home SL,2025,Dài 314.4 mm - Rộng 222.1 mm - Dày 17.9 mm - 1.33 kg,Vỏ nhựa - nắp lưng bằng kim loại,337233
"3-cell, 50Wh",Windows 11 Home SL,2024,Dài 358.6 mm - Rộng 249.1 mm - Dày 18.9 mm - 1.8 kg,Vỏ nhựa - nắp lưng bằng kim loại,328237
"3-cell Li-ion, 41 Wh",Windows 11 Home SL,2025,Dài 324 mm - Rộng 215 mm - Dày 17.9 mm - 1.36 kg,Vỏ nhựa,337420
"3-cell Li-ion, 58 Wh",Windows 11 Home SL,2025,Dài 358.6 mm - Rộng 232.7 mm - Dày 18.95 mm - 1.7 kg,Vỏ nhựa,334999
"3-cell, 52.5Wh",Windows 11 Home SL,2024,Dài 357.9 mm - Rộng 255 mm - Dày 23.5 mm - 2.29 kg,Vỏ nhựa,338204
"3-cell Li-ion, 52.4 Wh",Windows 11 Home SL,2024,Dài 359 mm - Rộng 254 mm - Dày 21.7 mm - 1.86 kg,Nắp lưng và chiếu nghỉ tay bằng kim loại,329786
"3-cell Li-ion, 60 Wh",Windows 11 Home SL + Office Home 2024 + Microsoft 365 Basic 1 năm,2025,Dài 356.98 mm - Rộng 265.43 mm - Dày 22.7 mm - 2.49 kg,Vỏ nhựa - nắp lưng bằng hợp kim nhôm,341563
"3-cell, 43Wh",Windows 11 Home SL,2024,Dài 322 mm - Rộng 210 mm - Dày 18.9 mm - 1.51 kg,Vỏ nhựa - chiếu nghỉ tay bằng kim loại,326830
"3-cell Li-ion, 42 Wh",Windows 11 Home SL + Office Home 2024 vĩnh viễn + Microsoft 365 Basic,2025,Dài 324.9 mm - Rộng 213.9 mm - Dày 17.9 mm - 1.4 kg,Vỏ nhựa,339683
"3-cell Li-ion, 41 Wh",Windows 11 Home SL + Office Home 2024 vĩnh viễn + Microsoft 365 Basic,2024,Dài 358.5 mm - Rộng 235.56 mm - Dày 18.99 mm - 1.66 kg,Vỏ nhựa,333886
57Wh,Windows 11 Home SL,2024,Dài 359.3 mm - Rộng 236 mm - Dày 22.95 mm - 1.77 kg,Vỏ nhựa,332365
"4-cell, 54Wh",Windows 11 Home SL + Office Home 2024 vĩnh viễn + Microsoft 365 Basic,2024,Dài 358.5 mm - Rộng 235.56 mm - Dày 18.99 mm - 1.9 kg,Vỏ nhựa,333104
"3-cell Li-ion, 41 Wh",Windows 11 Home SL,2023,Dài 360.2 mm - Rộng 234 mm - Dày 18 mm - 1.69 kg,Vỏ kim loại - Nắp lưng bằng nhựa,311176
"3-cell, 53.5Wh",Windows 11 Home SL,2024,Dài 359 mm - Rộng 259 mm - Dày 24.9 mm - 2.25 kg,Vỏ nhựa,341612
"3-cell Li-ion, 58 Wh",Windows 11 Home SL + Office Home 2024 vĩnh viễn,2025,Dài 358.6 mm - Rộng 232.7 mm - Dày 18.95 mm - 1.7 kg,Vỏ nhựa,343120
60 Wh,Windows 11 Home SL,2024,Dài 359.86 mm - Rộng 258.7 mm - Dày 23.9 mm - 2.38 kg,Vỏ nhựa,335554
"4-cell, 54Wh",Windows 11 Home SL + Office Home & Student 2021 vĩnh viễn,2024,Dài 358.5 mm - Rộng 235.6 mm - Dày 19 mm - 1.65 kg,Vỏ nhựa,325247
"3-cell Li-ion, 41 Wh",Windows 11 Home SL,2024,Dài 359.8 mm - Rộng 236 mm - Dày 18.6 mm - 1.59 kg,Vỏ nhựa,325691
"3-cell, 50Wh",Windows 11 Home SL,2024,Dài 358.6 mm - Rộng 249.1 mm - Dày 18.9 mm - 1.8 kg,Vỏ nhựa - nắp lưng bằng kim loại,328238
"3-cell Li-ion, 41 Wh",Windows 11 Home SL,2024,Dài 324 mm - Rộng 215 mm - Dày 17.9 mm - 1.36 kg,Vỏ nhựa,338206
"4-cell Li-ion, 90 Wh",Windows 11 Home SL,2024,Dài 354 mm - Rộng 251 mm - Dày 24.9 mm - 2.2 kg,Vỏ nhựa,327872
"3-cell Li-ion, 41 Wh",Windows 11 Home SL + Office Home 2024 vĩnh viễn,2025,Dài 358.5 mm - Rộng 235.56 mm - Dày 18.99 mm - 1.9 kg,Vỏ nhựa,337476
"3-cell Li-ion, 41 Wh",Windows 11 Home SL,2024,Dài 324 mm - Rộng 215 mm - Dày 17.9 mm - 1.36 kg,Vỏ nhựa,326049
"Li-Po, 72.4 Wh",macOS Sequoia,10/2024,Dài 312.6 mm - Rộng 221.2 mm - Dày 15.5 mm - 1.55 kg,Vỏ nhôm tái chế 100%,331564
"3-cell, 53.5Wh",Windows 11 Home SL,2024,Dài 359 mm - Rộng 259 mm - Dày 24.9 mm - 2.25 kg,Vỏ nhựa,326122
"3-cell Li-ion, 58 Wh",Windows 11 Home SL,2025,Dài 358.6 mm - Rộng 232.7 mm - Dày 18.95 mm - 1.7 kg,Vỏ nhựa,343121
"4-cell, 56Wh",Windows 11 Home SL,2025,Dài 354 mm - Rộng 251 mm - Dày 26.7 mm - 2.2 kg,Vỏ nhựa - nắp lưng bằng kim loại,339687
60 Wh,Windows 11 Home SL,2025,Dài 359.86 mm - Rộng 258.7 mm - Dày 23.9 mm - 2.38 kg,Vỏ nhựa,338278
"3-cell, 50Wh",Windows 11 Home SL,2025,Dài 358.6 mm - Rộng 249.1 mm - Dày 18.9 mm - 1.8 kg,Vỏ nhựa - nắp lưng bằng kim loại,338324
"3-cell Li-ion, 41 Wh",Windows 11 Home SL + Office Home 2024 vĩnh viễn,2025,Dài 358.5 mm - Rộng 235.56 mm - Dày 18.99 mm - 1.9 kg,Vỏ nhựa,337474
"3-cell Li-ion, 41 Wh",Windows 11 Home SL,2023,Dài 360.2 mm - Rộng 234 mm - Dày 18 mm - 1.69 kg,Vỏ kim loại - Nắp lưng bằng nhựa,311177
60 Wh,Windows 11 Home SL,2024,Dài 359.86 mm - Rộng 258.7 mm - Dày 23.9 mm - 2.38 kg,Vỏ nhựa,322072
"3-cell Li-ion, 41 Wh",Windows 11 Home SL,2024,Dài 324 mm - Rộng 225.9 mm - Dày 19.9 mm - 1.42 kg,Vỏ nhựa,328906
"3-cell, 53.5Wh",Windows 11 Home SL,2023,Dài 359 mm - Rộng 259 mm - Dày 24.9 mm - 2.25 kg,Vỏ nhựa,310447
"3-cell Li-ion, 58 Wh",Windows 11 Home SL,2025,Dài 357.5 mm - Rộng 229.1 mm - Dày 19.9 mm - 1.79 kg,Vỏ nhựa,343122
"4-cell, 54Wh",Windows 11 Home SL + Office Home & Student 2021 vĩnh viễn,2025,Dài 358.5 mm - Rộng 235.6 mm - Dày 19 mm - 1.65 kg,Vỏ nhựa,339681
"3-cell Li-ion, 41 Wh",Windows 11 Home SL + Office Home 2024 vĩnh viễn + Microsoft 365 Basic,2025,Dài 358.5 mm - Rộng 235.56 mm - Dày 18.99 mm - 1.66 kg,Vỏ nhựa,340560
"3-cell Li-ion, 41 Wh",Windows 11 Home SL,2023,Dài 359.8 mm - Rộng 236 mm - Dày 18.6 mm - 1.59 kg,Vỏ nhựa,341270
"3-cell, 48Wh",Windows 11 Home SL,2024,Dài 359 mm - Rộng 256 mm - Dày 24.5 mm - 2.3 kg,Vỏ nhựa,330162
"3-cell Li-ion, 42 Wh",Windows 11 Home SL + Office Home 2024 vĩnh viễn + Microsoft 365 Basic,2025,Dài 359.7 mm - Rộng 232.5 mm - Dày 19.9 mm - 1.7 kg,Vỏ nhựa,338318
"3-cell, 52.5Wh",Windows 11 Home SL,2023,Dài 357.9 mm - Rộng 255 mm - Dày 23.5 mm - 2.29 kg,Vỏ nhựa,318163
60 Wh,Windows 11 Home SL,2025,Dài 359.86 mm - Rộng 258.7 mm - Dày 23.9 mm - 2.38 kg,Vỏ nhựa,339857
60 Wh,Windows 11 Home SL,2024,Dài 359.86 mm - Rộng 258.7 mm - Dày 23.9 mm - 2.38 kg,Vỏ nhựa,335553
"3-cell Li-ion, 41 Wh",Windows 11 Home SL,2024,Dài 324 mm - Rộng 225.9 mm - Dày 19.9 mm - 1.47 kg,Vỏ nhựa,328814
"3-cell, 53.5Wh",Windows 11 Home SL,2024,Dài 359.36 mm - Rộng 250.34 mm - Dày 22.9 mm - 1.98 kg,Vỏ nhựa - nắp lưng bằng kim loại,327707
"Li-Po, 72.4 Wh",macOS Sequoia,10/2024,Dài 312.6 mm - Rộng 221.2 mm - Dày 15.5 mm - 1.55 kg,Vỏ nhôm tái chế 100%,331566
"4-cell, 76Wh",Windows 11 Home SL,2025,Dài 362.3 mm - Rộng 239.89 mm - Dày 23.5 mm - 2.1 kg,Vỏ nhựa,341607
60 Wh,Windows 11 Home SL,2024,Dài 359.86 mm - Rộng 258.7 mm - Dày 23.9 mm - 2.38 kg,Vỏ nhựa,327050
"4-cell, 54Wh",Windows 11 Home SL + Office Home 2024 vĩnh viễn + Microsoft 365 Basic,2025,Dài 358.5 mm - Rộng 235.56 mm - Dày 18.99 mm - 1.66 kg,Vỏ nhựa,340559
"3-cell Li-ion, 42 Wh",Windows 11 Home SL + Office Home 2024 vĩnh viễn + Microsoft 365 Basic,2025,Dài 359.7 mm - Rộng 232.5 mm - Dày 17.9 mm - 1.7 kg,Vỏ nhựa,336036
"4-cell, 57Wh",Windows 11 Home SL,2023,Dài 362.3 mm - Rộng 239.89 mm - Dày 26.9 mm - 2.1 kg,Vỏ nhựa,325697
50 Wh,Windows 11 Home SL,2024,Dài 361 mm - Rộng 237 mm - Dày 17.9 mm - 1.8 kg,Vỏ nhựa - nắp lưng bằng kim loại,334998
"3-cell, 50Wh",Windows 11 Home SL,2024,Dài 356.8 mm - Rộng 227.6 mm - Dày 19.9 mm - 1.7 kg,Vỏ nhựa,328949
"3-cell Li-ion, 59 Wh",Windows 11 Home SL + Office Home & Student 2021 vĩnh viễn,2024,Dài 357.7 mm - Rộng 254.8 mm - Dày 17.9 mm - 1.7 kg,Vỏ kim loại,337042
"3-cell, 43Wh",Windows 11 Home SL,2024,Dài 322 mm - Rộng 210 mm - Dày 18.9 mm - 1.51 kg,Vỏ nhựa - chiếu nghỉ tay bằng kim loại,326831
"3-cell Li-ion, 41 Wh",Windows 11 Home SL,2024,Dài 359.8 mm - Rộng 236 mm - Dày 18.6 mm - 1.65 kg,Vỏ nhựa,327097
60 Wh,Windows 11 Home SL + Office Home 2024 vĩnh viễn + Microsoft 365 Basic,,Dài 313.4 mm - Rộng 222 mm - Dày 16.9 mm - 1.39 kg,Vỏ kim loại - Nhôm,335555
"4-cell, 54Wh",Windows 11 Home SL + Office Home & Student 2021 vĩnh viễn,2024,Dài 358.5 mm - Rộng 235.56 mm - Dày 18.99 mm - 1.65 kg,Vỏ nhựa,333103
"3-cell Li-ion, 58 Wh",Windows 11 Home SL,2025,Dài 357 mm - Rộng 245.5 mm - Dày 18.9 mm - 1.6 kg,Vỏ nhựa,341602
"3-cell Li-ion, 52.4 Wh",Windows 11 Home SL,2024,Dài 359 mm - Rộng 254 mm - Dày 21.7 mm - 1.86 kg,Nắp lưng và chiếu nghỉ tay bằng kim loại,330932
"4-cell, 54Wh",Windows 11 Home SL,2023,Dài 360 mm - Rộng 238 mm - Dày 22.7 mm - 2.115 kg,Vỏ nhựa,334689
"3-cell Li-ion, 41 Wh",Windows 11 Home SL + Office Home 2024 vĩnh viễn,2025,Dài 358.5 mm - Rộng 235.56 mm - Dày 18.99 mm - 1.66 kg,Vỏ nhựa,338316
"3-cell Li-ion, 41 Wh",Windows 11 Home SL,2023,Dài 359.8 mm - Rộng 236 mm - Dày 18.6 mm - 1.59 kg,Vỏ nhựa,341618
"4-cell Li-ion, 70 Wh",Windows 11 Home SL + Office Home 2024 vĩnh viễn + Microsoft 365 Basic,2025,Dài 357 mm - Rộng 250.6 mm - Dày 18.7 mm - 1.8 kg,Vỏ kim loại - Nhôm,338322
"4-cell, 54Wh",Windows 11 Home SL + Office Home 2024 vĩnh viễn + Microsoft 365 Basic,2024,Dài 358.5 mm - Rộng 235.56 mm - Dày 18.99 mm - 1.9 kg,Vỏ nhựa,333102
"3-cell Li-ion, 42 Wh",Windows 11 Home SL + Office Home 2024 vĩnh viễn + Microsoft 365 Basic,2025,Dài 358.7 mm - Rộng 249.5 mm - Dày 19.9 mm - 1.88 kg,Vỏ nhựa,334794
58 Wh,Windows 11 Home SL,2025,Dài 313.3 mm - Rộng 219.5 mm - Dày 18.9 mm - 1.46 kg,Vỏ nhựa,339202
"3-cell, 50Wh",Windows 11 Home SL,2024,Dài 318.2 mm - Rộng 225.5 mm - Dày 17.8 mm - 1.4 kg,Vỏ nhựa,322222
"3 cell, 41.04 Wh",Windows 11 Home SL,2023,Dài 360.2 mm - Rộng 234 mm - Dày 18 mm - 1.68 kg,Vỏ nhựa,340479
60 Wh,Windows 11 Home SL + Office Home 2024 vĩnh viễn + Microsoft 365 Basic,2024,Dài 313.4 mm - Rộng 222 mm - Dày 16.9 mm - 1.39 kg,Vỏ kim loại,334449
60 Wh,Windows 11 Home SL,2025,Dài 313.4 mm - Rộng 222 mm - Dày 16.9 mm - 1.39 kg,Vỏ kim loại - Nhôm,339587
"Li-Po, 72.4 Wh",macOS Sequoia,10/2024,Dài 312.6 mm - Rộng 221.2 mm - Dày 15.5 mm - 1.6 kg,Vỏ nhôm tái chế 100%,331568
"3-cell Li-ion, 52.4 Wh",Windows 11 Home SL,2023,Dài 359 mm - Rộng 254 mm - Dày 21.7 mm - 1.86 kg,Nắp lưng và chiếu nghỉ tay bằng kim loại,326861
"3-cell Li-ion, 59 Wh",Windows 11 Home SL + Office Home & Student 2021 vĩnh viễn,2024,Dài 357.7 mm - Rộng 254.8 mm - Dày 17.9 mm - 1.7 kg,Vỏ kim loại,337044
60 Wh,Windows 11 Home SL,2025,Dài 313.4 mm - Rộng 222 mm - Dày 16.9 mm - 1.39 kg,Vỏ kim loại - Nhôm,339581
"4-cell, 54Wh",Windows 11 Home SL + Office Home 2024 vĩnh viễn,2025,Dài 358.5 mm - Rộng 235.56 mm - Dày 18.99 mm - 1.66 kg,Vỏ nhựa,337472
"2-cell, 38Wh",Windows 11 Home SL,2025,Dài 324.2 mm - Rộng 215.2 mm - Dày 19.9 mm - 1.37 kg,Vỏ nhựa,340491
"3-cell Li-ion, 42 Wh",Windows 11 Home SL,2024,Dài 324.9 mm - Rộng 213.9 mm - Dày 17.9 mm - 1.4 kg,Vỏ nhựa,322270
"4-cell Li-ion, 70 Wh",Windows 11 Home SL + Office Home 2024 vĩnh viễn + Microsoft 365 Basic,2025,Dài 315.2 mm - Rộng 223.4 mm - Dày 17.9 mm - 1.4 kg,Vỏ kim loại - Nhôm,338320
"3-cell, 50Wh",Windows 11 Home SL,2023,Dài 362.3 mm - Rộng 237.4 mm - Dày 19.9 mm - 2.1 kg,Vỏ nhựa - nắp lưng bằng kim loại,313177
"3-cell, 51Wh",Windows 11 Home SL,2024,Dài 359.4 mm - Rộng 233.9 mm - Dày 19.9 mm - 1.7 kg,Vỏ kim loại,340484
"3-cell, 50Wh",Windows 11 Home SL,2023,Dài 361 mm - Rộng 237 mm - Dày 17.9 mm - 1.7 kg,Vỏ nhựa - nắp lưng bằng kim loại,314630
"4-cell, 54Wh",Windows 11 Home SL + Office Home 2024 vĩnh viễn + Microsoft 365 Basic,2025,Dài 358.5 mm - Rộng 235.56 mm - Dày 18.99 mm - 1.9 kg,Vỏ nhựa,337475
"3-cell, 53.5Wh",Windows 11 Home SL,2025,Dài 359 mm - Rộng 259 mm - Dày 24.9 mm - 2.3 kg,Vỏ nhựa,340004
"3-cell Li-ion, 41 Wh",Windows 11 Home SL + Office Home 2024 vĩnh viễn + Microsoft 365 Basic,2025,Dài 358.5 mm - Rộng 235.56 mm - Dày 18.99 mm - 1.66 kg,Vỏ nhựa,340558
"3-cell Li-ion, 42 Wh",Windows 11 Home SL + Office Home 2024 vĩnh viễn + Microsoft 365 Basic,2025,Dài 358.7 mm - Rộng 249.5 mm - Dày 19.9 mm - 1.88 kg,Vỏ nhựa,334795
"4-cell Li-ion, 90 Wh",Windows 11 Home SL,2024,Dài 354 mm - Rộng 251 mm - Dày 24.9 mm - 2.2 kg,Vỏ nhựa,327896
"3 cell, 41.04 Wh",Windows 11 Home SL,2023,Dài 360.2 mm - Rộng 234 mm - Dày 18 mm - 1.69 kg,Vỏ nhựa - chiếu nghỉ tay bằng kim loại,340478
"3-cell Li-ion, 41 Wh",Windows 11 Home SL + Office Home 2024 vĩnh viễn,2021,Dài 358.5 mm - Rộng 235.56 mm - Dày 18.99 mm - 1.9 kg,Vỏ nhựa,337473
"3-cell Li-ion, 58 Wh",Windows 11 Home SL,2024,Dài 357.6 mm - Rộng 247 mm - Dày 18.9 mm - 1.7 kg,Vỏ nhựa,333421
"3-cell, 50Wh",Windows 11 Home SL,2023,Dài 362.3 mm - Rộng 237.4 mm - Dày 19.9 mm - 2.1 kg,Vỏ nhựa - nắp lưng bằng kim loại,332578
"3-cell, 43Wh",Windows 11 Home SL,2024,Dài 322 mm - Rộng 210 mm - Dày 19.9 mm - 1.5 kg,Vỏ nhựa,340481
47 Wh,Windows 11 Home SL,2023,Dài 359.3 mm - Rộng 235 mm - Dày 17.9 mm - 1.62 kg,Vỏ nhựa,322073
80 Wh,Windows 11 Home SL + Office Home 2024 vĩnh viễn,2025,Dài 344.9 mm - Rộng 255.35 mm - Dày 21.54 mm - 1.9 kg,Vỏ nhựa - nắp lưng bằng kim loại,340487
"Li-Po, 72.4 Wh",macOS Sequoia,10/2024,Dài 312.6 mm - Rộng 221.2 mm - Dày 15.5 mm - 1.6 kg,Vỏ nhôm tái chế 100%,332450
"3-cell Li-ion, 52.4 Wh",Windows 11 Home SL,2023,Dài 359 mm - Rộng 254 mm - Dày 21.7 mm - 1.86 kg,Nắp lưng và chiếu nghỉ tay bằng kim loại,308697
"3-cell Li-ion, 42 Wh",Windows 11 Home SL,2023,Dài 324.9 mm - Rộng 213.9 mm - Dày 17.9 mm - 1.4 kg,Vỏ nhựa,317704
"4-cell Li-ion, 75 Wh",Windows 11 Home SL,2024,Dài 353.6 mm - Rộng 246.9 mm - Dày 15.9 mm - 1.5 kg,Vỏ kim loại - Nhôm,325479
"4-cell, 54Wh",Windows 11 Home SL + Office Home 2024 vĩnh viễn + Microsoft 365 Basic,,Dài 358.5 mm - Rộng 235.56 mm - Dày 18.99 mm - 1.66 kg,Vỏ nhựa,333105
"3-cell Li-ion, 41 Wh",Windows 11 Home SL + Office Home 2024 vĩnh viễn,2025,Dài 358.5 mm - Rộng 235.56 mm - Dày 18.99 mm - 1.9 kg,Vỏ nhựa,337469
"3-cell Li-ion, 59 Wh",Windows 11 Home SL + Office Home & Student 2021 vĩnh viễn,2024,Dài 357.7 mm - Rộng 254.8 mm - Dày 17.9 mm - 1.77 kg,Vỏ nhựa,337041
"3-cell Li-ion, 58 Wh",Windows 11 Home SL,2024,Dài 357.6 mm - Rộng 247 mm - Dày 18.9 mm - 1.7 kg,Vỏ nhựa,333423
"4-cell Li-ion, 54.8 Wh",Windows 11 Home SL,2025,Dài 359.5 mm - Rộng 238 mm - Dày 22.7 mm - 1.99 kg,Nắp lưng và chiếu nghỉ tay bằng kim loại,341604
"4-cell Li-ion, 70 Wh",Windows 11 Home SL,2023,Dài 369 mm - Rộng 259.4 mm - Dày 23.9 mm - 2.34 kg,Vỏ nhựa,313974
48Wh,Windows 11 Home SL,2025,Dài 356 mm - Rộng 249 mm - Dày 17.05 mm - 1.63 kg,Vỏ kim loại - Nhôm,339656
45Wh,Windows 11 Home SL,2024,Dài 356 mm - Rộng 253.5 mm - Dày 17.5 mm - 1.7 kg,Vỏ nhựa - nắp lưng bằng kim loại,332370
"3-cell, 53.5Wh",Windows 11 Home SL,2023,Dài 359 mm - Rộng 259 mm - Dày 24.95 mm - 2.25 kg,Vỏ nhựa,314849
57Wh,Windows 11 Home SL,2024,Dài 313 mm - Rộng 227 mm - Dày 17.5 mm - 1.5 kg,Vỏ nhựa - nắp lưng bằng kim loại,334440
"4-cell, 54Wh",Windows 11 Home SL + Office Home 2024 + Microsoft 365 Basic 1 năm,2025,Dài 358.5 mm - Rộng 235.56 mm - Dày 18.99 mm - 1.66 kg,Vỏ nhựa,342469
"3-cell Li-ion, 42 Wh",Windows 11 Home SL,2023,Dài 359.7 mm - Rộng 232.5 mm - Dày 17.9 mm - 1.7 kg,Vỏ nhựa,327977
"3-cell, 48Wh",Windows 11 Home SL,2024,Dài 359 mm - Rộng 256 mm - Dày 24.5 mm - 2.3 kg,Vỏ nhựa,330578
"3-cell Li-ion, 59 Wh",Windows 11 Home SL + Office Home & Student 2021 vĩnh viễn,2024,Dài 357.7 mm - Rộng 254.8 mm - Dày 17.9 mm - 1.77 kg,Vỏ nhựa,337043
"4-cell, 57Wh",Windows 11 Home SL,2023,Dài 362.3 mm - Rộng 239.89 mm - Dày 22.9 ~ 26.9 mm - 2.1 kg,Vỏ nhựa,319657
"4-cell, 54Wh",Windows 11 Home SL + Office Home & Student 2021 vĩnh viễn,2024,Dài 314 mm - Rộng 226.15 mm - Dày 18.9 mm - 1.56 kg,Vỏ nhựa,325953
"3-cell Li-ion, 59 Wh",Windows 11 Home SL + Office Home & Student 2021 vĩnh viễn,2024,Dài 313.3 mm - Rộng 218.9 mm - Dày 16.9 mm - 1.39 kg,Vỏ kim loại,331506
"3-cell, 53Wh",Windows 11 Home SL,2024,Dài 359.7 mm - Rộng 253.22 mm - Dày 17.9 mm - 1.64 kg,Vỏ nhựa - nắp lưng bằng kim loại,333424
38Wh,Windows 11 Home SL,2024,Dài 324.2 mm - Rộng 215.2 mm - Dày 19.9 mm - 1.43 kg,Vỏ nhựa,326641
45Wh,Windows 11 Home SL,2025,Dài 313.5 mm - Rộng 224 mm - Dày 17.5 mm - 1.36 kg,Vỏ nhựa - nắp lưng bằng kim loại,339652
"4-cell, 65Wh",Windows 11 Home SL,2024,Dài 359 mm - Rộng 266.4 mm - Dày 27.7 mm - 2.3 kg,Vỏ nhựa,322100
"3-cell Li-ion, 41 Wh",Windows 11 Home SL + Office Home & Student 2021 vĩnh viễn,2024,Dài 358.5 mm - Rộng 235.56 mm - Dày 18.99 mm - 1.9 kg,Vỏ nhựa,329853
"4-cell Li-ion, 90 Wh",Windows 11 Home SL,2024,Dài 354 mm - Rộng 251 mm - Dày 24.9 mm - 2.2 kg,Vỏ nhựa - nắp lưng bằng kim loại,327898
"4-cell, 54Wh",Windows 11 Home SL + Office Home 2024 + Microsoft 365 Basic 1 năm,2025,Dài 358.5 mm - Rộng 235.56 mm - Dày 18.99 mm - 1.9 kg,Vỏ nhựa,341568
"3-cell, 50Wh",Windows 11 Home SL,2023,Dài 356.8 mm - Rộng 227.6 mm - Dày 19.9 mm - 1.7 kg,Vỏ nhựa,310839
"3-cell, 43Wh",Windows 11 Home SL,2024,Dài 322 mm - Rộng 210 mm - Dày 19.9 mm - 1.5 kg,Vỏ nhựa,340483
"4-cell, 54Wh",Windows 11 Home SL + Office Home & Student 2021 vĩnh viễn,2024,Dài 314 mm - Rộng 226.15 mm - Dày 18.07 mm - 1.67 kg,Vỏ nhựa,338312
"3-cell, 53Wh",Windows 11 Home SL,2025,Dài 362.2 mm - Rộng 248.47 mm - Dày 22.9 mm - 1.95 kg,Vỏ nhựa,339201
50 Wh,Windows 11 Home SL,2024,Dài 361 mm - Rộng 237 mm - Dày 17.9 mm - 1.7 kg,Vỏ nhựa - nắp lưng bằng kim loại,325699
45Wh,Windows 11 Home SL,2024,Dài 356 mm - Rộng 253.5 mm - Dày 17.5 mm - 1.7 kg,Vỏ kim loại - Nhôm,339653
47 Wh,Windows 11 Home SL,2024,Dài 324.2 mm - Rộng 215.2 mm - Dày 17.9 mm - 1.37 kg,Vỏ nhựa,329736
"3-cell, 43Wh",Windows 11 Home SL,2025,Dài 297.3 mm - Rộng 211.2 mm - Dày 15.1 mm - 1 kg,Vỏ kim loại,339265
"3-Cell, 39.3 Wh",Windows 11 Home SL,2023,Dài 319.9 mm - Rộng 223 mm - Dày 19.35 mm - 1.4 kg,Vỏ nhựa,327710
"3-cell, 50Wh",Windows 11 Home SL + Office Home 2024 vĩnh viễn + Microsoft 365 Basic,2025,Dài 356.8 mm - Rộng 227.6 mm - Dày 19.9 mm - 1.7 kg,Vỏ nhựa,340565
"4-cell, 54Wh",Windows 11 Home SL + Office Home 2024 vĩnh viễn + Microsoft 365 Basic,2025,Dài 358.5 mm - Rộng 235 mm - Dày 17.5 mm - 1.65 kg,Vỏ nhựa,340562
"3-cell, 50Wh",Windows 11 Home SL,2024,Dài 356.8 mm - Rộng 227.6 mm - Dày 19.9 mm - 1.7 kg,Vỏ nhựa,325477
"4-cell Li-ion, 60 Wh",Windows 11 Home SL,2025,Dài 359.86 mm - Rộng 258.7 mm - Dày 23.9 mm - 2.38 kg,Vỏ nhựa,342526
"3-cell Li-ion, 41 Wh",Windows 11 Home SL,2023,Dài 324 mm - Rộng 215 mm - Dày 17.9 mm - 1.36 kg,Vỏ nhựa,323325
"4-cell, 64 Wh",Windows 11 Home SL + Office Home & Student 2021 vĩnh viễn,2024,Dài 314 mm - Rộng 226.15 mm - Dày 18.9 mm - 1.71 kg,Vỏ nhựa - chiếu nghỉ tay bằng kim loại,329852
"3-cell, 53Wh",Windows 11 Home SL,2024,Dài 359.7 mm - Rộng 253.22 mm - Dày 17.9 mm - 1.64 kg,Vỏ nhựa - nắp lưng bằng kim loại,333425
45Wh,Windows 11 Home SL,2025,Dài 356 mm - Rộng 253.5 mm - Dày 17.5 mm - 1.7 kg,Vỏ nhựa - nắp lưng bằng kim loại,339655
"3 cell, 41.04 Wh",Windows 11 Home SL,2022,Dài 360.2 mm - Rộng 234 mm - Dày 17.9 mm - 1.74 kg,Vỏ nhựa - chiếu nghỉ tay bằng kim loại,302209
"3-cell, 53.5Wh",Windows 11 Home SL,2025,Dài 359 mm - Rộng 259 mm - Dày 24.9 mm - 2.25 kg,Vỏ nhựa,338000
"3-cell Li-ion, 42 Wh",Windows 11 Home SL,2023,Dài 358.7 mm - Rộng 249.5 mm - Dày 19.9 mm - 1.88 kg,Vỏ nhựa,309375
"3-cell Li-ion, 42 Wh",Windows 11 Home SL + Office Home 2024 vĩnh viễn + Microsoft 365 Basic,2025,Dài 324.9 mm - Rộng 213.9 mm - Dày 17.9 mm - 1.4 kg,Vỏ nhựa,335170
"4-cell, 54Wh",Windows 11 Home SL + Office Home & Student 2021 vĩnh viễn,2023,Dài 314 mm - Rộng 226.15 mm - Dày 18.07 mm - 1.67 kg,Vỏ nhựa,325244
"4-cell Li-ion, 70 Wh",Windows 11 Home SL,2024,Dài 369 mm - Rộng 259.4 mm - Dày 22.9 mm - 2.31 kg,Vỏ nhựa,328443
70 Wh,Windows 11 Home SL,2024,Dài 339.33 mm - Rộng 236 mm - Dày 15.6 mm - 1.49 kg,Vỏ kim loại,338279
"3-cell, 40Wh",Windows 11 Home SL,2022,Dài 362.9 mm - Rộng 241.26 mm - Dày 19.9 mm - 1.7 kg,Vỏ nhựa,304543
45Wh,Windows 11 Home SL,2024,Dài 313.5 mm - Rộng 224 mm - Dày 16.9 mm - 1.38 kg,Vỏ kim loại - Nhôm,332368
"3-cell Li-ion, 58 Wh",Windows 11 Home SL,2024,Dài 313.3 mm - Rộng 218 mm - Dày 16.9 mm - 1.5 kg,Vỏ nhựa - nắp lưng bằng kim loại,326637
"4-cell Li-ion, 70 Wh",Windows 11 Home SL,2024,Dài 369 mm - Rộng 259.4 mm - Dày 23.9 mm - 2.31 kg,Vỏ nhựa,329429
"3-cell, 54 Wh",Windows 11 Home SL + Microsoft 365 Personal,,Dài 358.5 mm - Rộng 234.9 mm - Dày 17.5 mm - 1.65 kg,Vỏ nhựa,328474
60 Wh,Windows 11 Home SL,2024,Dài 359.86 mm - Rộng 258.7 mm - Dày 23.9 mm - 2.38 kg,Vỏ nhựa,328483
"3-cell Li-ion, 52.4 Wh",Windows 11 Home SL,2023,Dài 359 mm - Rộng 254 mm - Dày 21.7 mm - 1.86 kg,Vỏ kim loại,316941
"3-cell Li-ion, 42 Wh",Windows 11 Home SL,2023,Dài 324.9 mm - Rộng 213.9 mm - Dày 17.9 mm - 1.4 kg,Vỏ nhựa,317712
"3-cell Li-ion, 41 Wh",Windows 11 Home SL + Office Home 2024 vĩnh viễn + Microsoft 365 Basic,2025,Dài 358.5 mm - Rộng 235 mm - Dày 17.5 mm - 1.65 kg,Vỏ nhựa,340561
"4-cell, 54Wh",Windows 11 Home SL + Office Home 2024 vĩnh viễn + Microsoft 365 Basic,2025,Dài 358.5 mm - Rộng 235.56 mm - Dày 18.99 mm - 1.66 kg,Vỏ nhựa,338317
"4-cell Li-ion, 90 Wh",Windows 11 Home SL,2024,Dài 354 mm - Rộng 264 mm - Dày 30.4 mm - 2.5 kg,Vỏ nhựa - nắp lưng bằng kim loại,333094
"3-cell Li-ion, 42 Wh",Windows 11 Home SL,2023,Dài 306.9 mm - Rộng 208.4 mm - Dày 15.9 mm - 1.22 kg,Vỏ kim loại - Nhôm,323335
"4-cell Li-ion, 57.5 Wh",Windows 11 Home SL,2022,Dài 360.4 mm - Rộng 271.09 mm - Dày 25.9 mm - 2.5 kg,Vỏ nhựa,272282
"4-cell Li-ion, 70 Wh",Windows 11 Home SL,2023,Dài 369 mm - Rộng 259.4 mm - Dày 23.9 mm - 2.34 kg,Vỏ nhựa,313973
"3-cell, 50Wh",Windows 11 Home SL,2023,Dài 362.9 mm - Rộng 241.26 mm - Dày 19.9 mm - 1.7 kg,Vỏ nhựa,321436
47 Wh,Windows 11 Home SL,2024,Dài 359.2 mm - Rộng 235.8 mm - Dày 18.3 mm - 1.61 kg,Vỏ nhựa,329112
"4-cell, 55.2 Wh",Windows 11 Home SL,2025,Dài 359.3 mm - Rộng 245.25 mm - Dày 23.15 mm - 1.9 kg,Vỏ nhựa - nắp lưng bằng kim loại,336968
60 Wh,Windows 11 Home SL,2025,Dài 313.4 mm - Rộng 222 mm - Dày 16.9 mm - 1.39 kg,Vỏ kim loại - Nhôm,339616
"4-cell Li-ion, 90 Wh",Windows 11 Home SL,2024,Dài 313.4 mm - Rộng 246.5 mm - Dày 18.95 mm - 1.7 kg,Vỏ nhựa - nắp lưng bằng kim loại,329787
"3-cell Li-ion, 41 Wh",Windows 11 Home SL + Office Home 2024 vĩnh viễn,2025,Dài 358.5 mm - Rộng 235.56 mm - Dày 18.99 mm - 1.66 kg,Vỏ nhựa,337471
"4-cell Li-ion, 75 Wh",Windows 11 Home SL + Office Home 2024 vĩnh viễn + Microsoft 365 Basic,2025,Dài 312.4 mm - Rộng 220.1 mm - Dày 14.9 mm - 1.28 kg,Vỏ kim loại - Nhôm,336031
"3-cell Li-ion, 42 Wh",Windows 11 Home SL + Office Home 2024 vĩnh viễn + Microsoft 365 Basic,2025,Dài 357 mm - Rộng 250.6 mm - Dày 19.9 mm - 1.88 kg,Vỏ nhựa,335171
"3-cell, 43Wh",Windows 11 Home SL,2024,Dài 297.3 mm - Rộng 211.2 mm - Dày 15.1 mm - 0.985 kg,Vỏ kim loại,333872
"3-cell Li-ion, 58 Wh",Windows 11 Home SL,2024,Dài 313.3 mm - Rộng 218 mm - Dày 16.9 mm - 1.5 kg,Vỏ nhựa - nắp lưng bằng kim loại,326876
76 Wh,Windows 11 Home SL,2025,Dài 358.3 mm - Rộng 262.5 mm - Dày 22.99 mm - 2.2 kg,Vỏ nhựa,337843
50 Wh,Windows 11 Home SL,,Dài 321.71 mm - Rộng 211.72 mm - Dày 15.9 mm - 1.25 kg,Vỏ hợp kim Nhôm,327506
"3-cell Li-ion, 59 Wh",Windows 11 Home SL,2024,Dài 313.3 mm - Rộng 218.9 mm - Dày 16.9 mm - 1.39 kg,Vỏ kim loại,328815
70 Wh,Windows 11 Home SL + Office Home & Student 2021 vĩnh viễn,2024,Dài 343.8 mm - Rộng 235.4 mm - Dày 13.9 mm - 1.53 kg,Vỏ kim loại - Nhôm,333197
"4-cell Li-ion, 90 Wh",Windows 11 Home SL,2025,Dài 357 mm - Rộng 284 mm - Dày 28.55 mm - 2.7 kg,Vỏ nhựa - nắp lưng bằng kim loại,339952
42 Wh,Windows 11 Home SL,2023,Dài 360.2 mm - Rộng 236 mm - Dày 17.9 mm - 1.61 kg,Vỏ nhựa,313627
"3-cell Li-ion, 63 Wh",Windows 11 Home SL,2025,Dài 357 mm - Rộng 250.7 mm - Dày 22 mm - 1.95 kg,Vỏ nhựa,339688
"4-cell, 54Wh",Windows 11 Home SL + Office Home & Student 2021 vĩnh viễn,2024,Dài 358.5 mm - Rộng 235.56 mm - Dày 18.99 mm - 1.66 kg,Vỏ nhựa,331508
"3-cell Li-ion, 41 Wh",Windows 11 Home SL + Office Home & Student 2021 vĩnh viễn,2024,Dài 314 mm - Rộng 226.6 mm - Dày 19.9 mm - 1.54 kg,Vỏ nhựa,333107
"4-cell Li-ion, 90 Wh",Windows 11 Home SL,2025,Dài 354 mm - Rộng 269 mm - Dày 27.3 mm - 2.2 kg,Vỏ nhựa - nắp lưng bằng kim loại,339684
"3-cell Li-ion, 59 Wh",Windows 11 Home SL,2024,Dài 313.3 mm - Rộng 218.9 mm - Dày 16.9 mm - 1.39 kg,Vỏ kim loại,338208
"3-cell, 51Wh",Windows 11 Home SL,2023,Dài 359.4 mm - Rộng 233.9 mm - Dày 19.9 mm - 1.72 kg,Vỏ kim loại,327406
"3-cell, 50Wh",Windows 11 Home SL,2023,Dài 362.9 mm - Rộng 237.5 mm - Dày 17.9 mm - 1.7 kg,Vỏ nhựa - nắp lưng bằng kim loại,327507
"4-cell, 76Wh",Windows 11 Home SL,2025,Dài 362.3 mm - Rộng 239.89 mm - Dày 23.5 mm - 2.1 kg,Vỏ nhựa,341626
"4-cell, 57Wh",Windows 11 Home SL,2025,Dài 362.3 mm - Rộng 239.89 mm - Dày 26.9 mm - 2.1 kg,Vỏ nhựa,341603
45Wh,Windows 11 Home SL,2024,Dài 313.5 mm - Rộng 224 mm - Dày 16.9 mm - 1.38 kg,Vỏ kim loại - Nhôm,328130
"3-cell, 46.8 Wh",Windows 11 Home SL,2025,Dài 323.9 mm - Rộng 217.2 mm - Dày 19.9 mm - 1.5 kg,Vỏ nhựa,339954
57Wh,Windows 11 Home SL,2024,Dài 312 mm - Rộng 221 mm - Dày 16.9 mm - 1.48 kg,Vỏ kim loại - Nhôm,326558
"4-cell, 54Wh",Windows 11 Home SL,2024,Dài 359.5 mm - Rộng 263.8 mm - Dày 26 mm - 2.292 kg,Vỏ nhựa,337842
"3-cell Li-ion, 42 Wh",Windows 11 Home SL,2025,Dài 322 mm - Rộng 219 mm - Dày 17.68 mm - 1.5 kg,Vỏ nhựa,338315
"3-cell Li-ion, 70 Wh",Windows 11 Home SL,2024,Dài 358.6 mm - Rộng 249.1 mm - Dày 18.9 mm - 1.8 kg,Vỏ nhựa,328951
"3-cell Li-ion, 42 Wh",Windows 11 Home SL,2023,Dài 306.9 mm - Rộng 208.4 mm - Dày 15.9 mm - 1.28 kg,Vỏ kim loại,327409
"3-cell, 50Wh",Windows 11 Home SL + Office Home & Student 2021 vĩnh viễn,2024,Dài 356.8 mm - Rộng 227.6 mm - Dày 19.9 mm - 1.7 kg,Vỏ nhựa,328950
"3-cell Li-ion, 41 Wh",Windows 11 Home SL + Office Home & Student 2021 vĩnh viễn,2024,Dài 358.5 mm - Rộng 235.56 mm - Dày 18.99 mm - 1.66 kg,Vỏ nhựa,327981
"3-cell Li-Polymer, 59 Wh",Windows 11 Home SL + Office Home 2024 vĩnh viễn,2025,Dài 357.7 mm - Rộng 254.8 mm - Dày 17.9 mm - 1.725 kg,Vỏ hợp kim Nhôm,341267
"4-cell, 57Wh",Windows 11 Home SL,2023,Dài 362.3 mm - Rộng 239.89 mm - Dày 22.9 ~ 26.9 mm - 2.1 kg,Vỏ nhựa,318354
"3-cell, 53.5Wh",Windows 11 Home SL,,Dài 314.7 mm - Rộng 233.5 mm - Dày 22.3 mm - 1.6 kg,Vỏ nhựa,325586
70 Wh,Windows 11 Home SL + Office Home 2024 vĩnh viễn + Microsoft 365 Basic,2025,Dài 312 mm - Rộng 219.3 mm - Dày 13.9 mm - 1.19 kg,Vỏ kim loại,338280
70 Wh,Windows 11 Home SL,,Dài 339.33 mm - Rộng 236 mm - Dày 15.6 mm - 1.49 kg,Vỏ kim loại - Nhôm,335549
"4-cell, 65Wh",Windows 11 Home SL,2024,Dài 312.9 mm - Rộng 217.9 mm - Dày 14.9 mm - 1.32 kg,Vỏ kim loại - Nhôm,325051
"4-cell, 56Wh",Windows 11 Home SL,2025,Dài 354 mm - Rộng 251 mm - Dày 26.7 mm - 2.2 kg,Vỏ nhựa - nắp lưng bằng kim loại,339686
"4-cell, 54Wh",Windows 11 Home SL + Office Home & Student 2021 vĩnh viễn,2024,Dài 358.5 mm - Rộng 235.56 mm - Dày 18.99 mm - 1.66 kg,Vỏ nhựa,328946
"3-cell Li-ion, 59 Wh",Windows 11 Home SL + Office Home & Student 2021 vĩnh viễn,2024,Dài 313.3 mm - Rộng 218.9 mm - Dày 16.9 mm - 1.39 kg,Vỏ kim loại,331526
"3 cell, 41.04 Wh",Windows 11 Home SL,2022,Dài 360.2 mm - Rộng 234 mm - Dày 17.9 mm - 1.72 kg,Vỏ nhựa - chiếu nghỉ tay bằng kim loại,302533
"4-cell Li-ion, 75 Wh",Windows 11 Home SL,2024,Dài 313.6 mm - Rộng 220.6 mm - Dày 16.9 mm - 1.39 kg,Vỏ kim loại - Nhôm,325480
"3-cell Li-ion, 41 Wh",Windows 11 Home SL + Office Home & Student 2021 vĩnh viễn,2024,Dài 358.5 mm - Rộng 235.56 mm - Dày 18.99 mm - 1.66 kg,Vỏ nhựa,328473
"4-cell, 54Wh",Windows 11 Home SL + Office Home & Student 2021 vĩnh viễn,2024,Dài 356.7 mm - Rộng 249.5 mm - Dày 19 mm - 1.87 kg,Vỏ nhựa,328947
"3-cell Li-ion, 58 Wh",Windows 11 Home SL,2024,Dài 357.6 mm - Rộng 247 mm - Dày 18.9 mm - 1.7 kg,Vỏ nhựa,327508
"Li-ion, 45 Wh",Windows 11 Home SL,2025,Dài 313.5 mm - Rộng 224 mm - Dày 17.5 mm - 1.36 kg,Vỏ nhựa - nắp lưng bằng hợp kim nhôm,342514
"4-cell, 72Wh",Windows 11 Home SL,,Dài 315.6 mm - Rộng 246.25 mm - Dày 21.8 mm - 1.7 kg,Nắp lưng và mặt đáy bằng kim loại,325588
"3-cell Li-ion, 58 Wh",Windows 11 Home SL,2024,Dài 314.4 mm - Rộng 221.9 mm - Dày 17.5 mm - 1.27 kg,Vỏ nhựa - nắp lưng bằng kim loại,329867
"3-cell, 53.5Wh",Windows 11 Home SL,2024,Dài 359 mm - Rộng 259 mm - Dày 24.9 mm - 2.25 kg,Vỏ nhựa,322098
"3-cell Li-ion, 52.4 Wh",Windows 11 Home SL,2024,Dài 359 mm - Rộng 254 mm - Dày 21.7 mm - 1.86 kg,Vỏ nhựa - nắp lưng bằng kim loại,339953
76 Wh,Windows 11 Home SL,2025,Dài 358.3 mm - Rộng 262.5 mm - Dày 22.99 mm - 2.204 kg,Vỏ nhựa,339211
"3-cell Li-ion, 42 Wh",Windows 11 Home SL,2024,Dài 359.7 mm - Rộng 232.5 mm - Dày 17.9 mm - 1.7 kg,Vỏ nhựa,329858
"3-cell Li-ion, 59 Wh",Windows 11 Home SL + Office Home & Student 2021 vĩnh viễn,2024,Dài 313.4 mm - Rộng 218.9 mm - Dày 16.9 mm - 1.39 kg,Vỏ kim loại,331527
"3-cell Li-ion, 41 Wh",Windows 11 Home SL,2022,Dài 360.2 mm - Rộng 234 mm - Dày 17.9 mm - 1.72 kg,Vỏ nhựa - chiếu nghỉ tay bằng kim loại,309565
"4-cell Li-ion, 75 Wh",Windows 11 Home SL + Office Home & Student 2021 vĩnh viễn,2024,Dài 310.5 mm - Rộng 221.9 mm - Dày 15.9 mm - 1.3 kg,Vỏ kim loại - Nhôm,333098
"6-cell Li-ion, 86 Wh",Windows 11 Home SL + Office Home & Student 2021 vĩnh viễn,2024,Dài 357.26 mm - Rộng 274.52 mm - Dày 26.15 mm - 2.81 kg,Vỏ nhựa,327901
"6-cell Li-ion, 86 Wh",Windows 11 Home SL + Office Home & Student 2021 vĩnh viễn,2024,Dài 357.26 mm - Rộng 274.52 mm - Dày 26.15 mm - 2.81 kg,Vỏ nhựa,327900
"3-cell Li-ion, 41 Wh",Windows 11 Home SL + Office Home & Student 2021 vĩnh viễn,2024,Dài 358.5 mm - Rộng 235.56 mm - Dày 18.99 mm - 1.9 kg,Vỏ nhựa,326194
80 Wh,Windows 11 Pro,2025,Dài 339.55 mm - Rộng 228.5 mm - Dày 12.9 mm - 1.4 kg,Vỏ kim loại - Nhôm,339661
"4-cell Li-ion, 57.5 Wh",Windows 11 Home SL,2022,Dài 360.4 mm - Rộng 271.09 mm - Dày 25.9 mm - 2.5 kg,Vỏ nhựa,313332
80 Wh,Windows 11 Home SL,2025,Dài 344.9 mm - Rộng 255.35 mm - Dày 21.54 mm - 1.9 kg,Vỏ nhựa - nắp lưng bằng kim loại,339647
"3-cell Li-ion, 65 Wh",Windows 11 Home SL,2024,Dài 312.4 mm - Rộng 221.2 mm - Dày 15.95 mm - 1.26 kg,Vỏ kim loại,332397
"3-cell Li-ion, 41 Wh",Windows 11 Home SL + Office Home & Student 2021 vĩnh viễn,2024,Dài 358.5 mm - Rộng 235.56 mm - Dày 18.99 mm - 1.66 kg,Vỏ nhựa,328945
"3-cell Li-ion, 42 Wh",Windows 11 Home SL,2023,Dài 359.7 mm - Rộng 232.5 mm - Dày 17.9 mm - 1.7 kg,Vỏ nhựa,312414
"4-cell Li-ion, 90 Wh",Windows 11 Home SL,2024,Dài 354 mm - Rộng 251 mm - Dày 24.9 mm - 2.2 kg,Vỏ nhựa - nắp lưng bằng kim loại,327899
"Li-ion, 60 Wh",Windows 11 Home SL + Office Home 2024 + Microsoft 365 Basic 1 năm,2025,Dài 313.4 mm - Rộng 222 mm - Dày 16.9 mm - 1.39 kg,Vỏ kim loại - Nhôm,342501
"3-cell, 43Wh",Windows 11 Home SL,2024,Dài 297.3 mm - Rộng 211.2 mm - Dày 15.1 mm - 1 kg,Vỏ kim loại,333873
"3-cell, 50Wh",Windows 11 Home SL,2023,Dài 318.8 mm - Rộng 225.5 mm - Dày 17.99 mm - 1.5 kg,Vỏ nhựa,322003
60 Wh,Windows 11 Home SL,,Dài 314.4 mm - Rộng 222.1 mm - Dày 17.9 mm - 1.43 kg,Vỏ nhựa - nắp lưng bằng kim loại,335550
"4-cell, 55.2 Wh",Windows 11 Home SL,2025,Dài 359.3 mm - Rộng 245.25 mm - Dày 23.15 mm - 1.9 kg,Vỏ nhựa,340006
"6-cell Li-ion, 64 Wh",Windows 11 Home SL + Office Home & Student 2021 vĩnh viễn,2024,Dài 313.7 mm - Rộng 216.2 mm - Dày 14.9 mm - 1.34 kg,Vỏ kim loại,335832
"4-cell, 54Wh",Windows 11 Home SL + Office Home & Student 2021 vĩnh viễn,2024,Dài 314 mm - Rộng 226.15 mm - Dày 17.31 mm - 1.65 kg,Vỏ nhựa - nắp lưng bằng kim loại,339680
"3-cell Li-Polymer, 59 Wh",Windows 11 Home SL + Office Home 2024 vĩnh viễn,2025,Dài 357.7 mm - Rộng 254.8 mm - Dày 17.9 mm - 1.734 kg,Vỏ hợp kim Nhôm,341266
"3-cell Li-ion, 70 Wh",Windows 11 Home SL + Office Home 2024 vĩnh viễn + Microsoft 365 Basic,2025,Dài 310.7 mm - Rộng 213.9 mm - Dày 15.9 mm - 0.98 kg,Nhôm - Magie,334800
"4-cell, 54Wh",Windows 11 Home SL,2024,Dài 359.5 mm - Rộng 263.8 mm - Dày 26 mm - 2.292 kg,Vỏ nhựa,339212
"3-cell Li-ion, 63 Wh",Windows 11 Home SL,2025,Dài 357 mm - Rộng 250.7 mm - Dày 22 mm - 1.95 kg,Vỏ nhựa,339690
60 Wh,Windows 11 Home SL,2025,Dài 314.4 mm - Rộng 222.1 mm - Dày 17.9 mm - 1.33 kg,Vỏ nhựa - nắp lưng bằng kim loại,337237
"4-cell Li-ion, 75 Wh",Windows 11 Home SL,2024,Dài 299 mm - Rộng 210 mm - Dày 16.9 mm - 0.99 kg,Nhôm - Magie,322959
"4-cell Li-ion, 75 Wh",Windows 11 Home SL + Office Home 2024 vĩnh viễn + Microsoft 365 Basic,2025,Dài 312.4 mm - Rộng 220.1 mm - Dày 14.9 mm - 1.28 kg,Vỏ kim loại - Nhôm,334796
"3-cell, 52.5Wh",Windows 11 Home SL,2025,Dài 357.9 mm - Rộng 255 mm - Dày 23.5 mm - 2.29 kg,Vỏ nhựa,341623
"4-cell, 54Wh",Windows 11 Home SL + Office Home & Student 2021 vĩnh viễn,2023,Dài 358.5 mm - Rộng 235.5 mm - Dày 18.9 mm - 1.66 kg,Vỏ nhựa,326148
"4-cell Li-ion, 75 Wh",Windows 11 Home SL + Office Home & Student 2021 vĩnh viễn,2024,Dài 310.5 mm - Rộng 221.9 mm - Dày 15.9 mm - 1.3 kg,Vỏ kim loại - Nhôm,333099
60 Wh,Windows 11 Home SL,2024,Dài 314.4 mm - Rộng 222.1 mm - Dày 17.9 mm - 1.43 kg,Vỏ nhựa - nắp lưng bằng kim loại,337242
"3-cell, 53.5Wh",Windows 11 Home SL,2024,Dài 359 mm - Rộng 259 mm - Dày 24.9 mm - 2.25 kg,Vỏ nhựa,326280
"4-cell, 57Wh",Windows 11 Home SL,2024,Dài 361.8 mm - Rộng 278.4 mm - Dày 25.46 mm - 2.5 kg,Vỏ nhựa,332579
"Li-Polymer, 76Wh",Windows 11 Home SL,2025,Dài 355 mm - Rộng 250.7 mm - Dày 19.99 mm - 1.99 kg,Vỏ bằng kim loại - Chiếu nghỉ tay bằng nhựa,341750
"4-cell Li-ion, 70 Wh",Windows 11 Home SL + Office Home 2024 vĩnh viễn + Microsoft 365 Basic,2025,Dài 315.2 mm - Rộng 223.4 mm - Dày 17.9 mm - 1.4 kg,Vỏ kim loại - Nhôm,338321
"4-cell Li-ion, 75 Wh",Windows 11 Home SL + Office Home 2024 vĩnh viễn + Microsoft 365 Basic,2025,Dài 353.6 mm - Rộng 246.9 mm - Dày 15.9 mm - 1.5 kg,Vỏ kim loại,335172
"4-cell Li-ion, 70 Wh",Windows 11 Home SL,2023,Dài 369 mm - Rộng 259.4 mm - Dày 23.9 mm - 2.31 kg,Vỏ nhựa,326059
"4-cell Li-ion, 57.5 Wh",Windows 11 Home SL,2022,Dài 360.4 mm - Rộng 271.09 mm - Dày 25.9 mm - 2.5 kg,Vỏ nhựa,329337
"4-cell Li-ion, 90 Wh",Windows 11 Home SL,2024,Dài 313.4 mm - Rộng 246.5 mm - Dày 18.95 mm - 1.7 kg,Vỏ nhựa - nắp lưng bằng kim loại,329789
"6-cell Li-ion, 83 Wh",Windows 11 Home SL,2024,Dài 369 mm - Rộng 259.4 mm - Dày 23.5 mm - 2.37 kg,Vỏ nhựa,323585
"4-cell, 57Wh",Windows 11 Home SL,2025,Dài 362.3 mm - Rộng 239.89 mm - Dày 23.5 mm - 2.1 kg,Vỏ nhựa,341608
"4-cell, 56Wh",Windows 11 Home SL,2023,Dài 354 mm - Rộng 251 mm - Dày 22.4 ~ 24.9 mm - 2.2 kg,Vỏ nhựa - nắp lưng bằng kim loại,317709
"3-cell Li-ion, 42 Wh",Windows 11 Home SL + Office Home 2024 vĩnh viễn + Microsoft 365 Basic,2025,Dài 357 mm - Rộng 250.6 mm - Dày 19.9 mm - 1.88 kg,Vỏ nhựa,334799
"3-cell Li-ion, 59 Wh",Windows 11 Home SL,2024,Dài 313.3 mm - Rộng 218.9 mm - Dày 16.9 mm - 1.39 kg,Vỏ kim loại,326824
"4-cell Li-ion, 90 Wh",Windows 11 Home SL,2025,Dài 313 mm - Rộng 246 mm - Dày 18.9 mm - 1.6 kg,Nắp lưng và chiếu nghỉ tay bằng kim loại,335020
57Wh,Windows 11 Pro,2025,Dài 312.8 mm - Rộng 214.75 mm - Dày 14.37 mm - 1.006 kg,Mặt trên Sợi Carbon - Mặt dưới nhôm,339659
"Li-Polymer, 76Wh",Windows 11 Home SL,2025,Dài 358.3 mm - Rộng 262.5 mm - Dày 22.99 mm - 2.227 kg,Vỏ nhựa,341751
"4-cell Li-ion, 90 Wh",Windows 11 Home SL,2025,Dài 354 mm - Rộng 269 mm - Dày 27.3 mm - 2.2 kg,Vỏ nhựa,339685
"3-cell Li-ion, 41 Wh",Windows 11 Home SL,2023,Dài 360.2 mm - Rộng 234 mm - Dày 18 mm - 1.69 kg,Vỏ kim loại - Nắp lưng bằng nhựa,311145
"4-cell Li-ion, 90 Wh",Windows 11 Home SL,2023,Dài 354 mm - Rộng 251 mm - Dày 22.4 ~ 24.9 mm - 2.2 kg,Vỏ nhựa - nắp lưng bằng kim loại,315892
"3-cell, 51Wh",Windows 11 Home SL,2023,Dài 359.4 mm - Rộng 233.9 mm - Dày 19.9 mm - 1.72 kg,Vỏ kim loại,327408
60 Wh,Windows 11 Home SL,2024,Dài 343.4 mm - Rộng 239.5 mm - Dày 17.9 mm - 1.63 kg,Vỏ nhựa - nắp lưng bằng kim loại,334444
80 Wh,Windows 11 Home SL + Office Home 2024 vĩnh viễn,2025,Dài 344.9 mm - Rộng 255.35 mm - Dày 21.54 mm - 1.9 kg,Vỏ nhựa - nắp lưng bằng kim loại,339648
"4-cell Li-Po, 75 Wh",Windows 11 Home SL,2025,Dài 359 mm - Rộng 262 mm - Dày 25.5 mm - 2.4 kg,Vỏ nhựa,341611
"4-cell Li-ion, 75 Wh",Windows 11 Home SL,2023,Dài 312.4 mm - Rộng 220.1 mm - Dày 14.9 mm - 1.2 kg,Vỏ kim loại - Nhôm,321468
"3-cell, 53.5Wh",Windows 11 Home SL,2024,Dài 359.36 mm - Rộng 250.34 mm - Dày 22.9 mm - 1.98 kg,Vỏ nhựa,322099
"3-cell Li-ion, 41 Wh",Windows 11 Home SL + Office Home & Student 2021 vĩnh viễn,2024,Dài 358.5 mm - Rộng 235.6 mm - Dày 19 mm - 1.65 kg,Vỏ nhựa,330165
"4-cell Li-ion, 75 Wh",Windows 11 Home SL + Office Home 2024 vĩnh viễn + Microsoft 365 Basic,2025,Dài 313.5 mm - Rộng 217.9 mm - Dày 19.9 mm - 1.35 kg,Nhôm - Magie,334798
"3-cell Li-ion, 41 Wh",Windows 11 Home SL,2023,Dài 360.2 mm - Rộng 234 mm - Dày 17.9 mm - 1.74 kg,Vỏ kim loại - Nắp lưng bằng nhựa,315911
"Li-Polymer, 76Wh",Windows 11 Home SL,2025,Dài 358.3 mm - Rộng 262.5 mm - Dày 22.99 mm - 2.233 kg,Vỏ nhựa,341752
60 Wh,Windows 11 Home SL,2024,Dài 314.4 mm - Rộng 222.1 mm - Dày 17.9 mm - 1.43 kg,Vỏ nhựa - nắp lưng bằng kim loại,337241
58 Wh,Windows 11 Pro,2025,Dài 313.6 mm - Rộng 219.4 mm - Dày 19.75 mm - 1.24 kg,Vỏ nhựa - nắp lưng bằng kim loại,339658
"4-cell Li-ion, 75 Wh",Windows 11 Home SL,2023,Dài 312.4 mm - Rộng 220.1 mm - Dày 14.9 mm - 1.2 kg,Vỏ kim loại - Nhôm,320431
"4-cell, 56Wh",Windows 11 Home SL,2023,Dài 354 mm - Rộng 251 mm - Dày 24.9 mm - 2.2 kg,Vỏ nhựa - nắp lưng bằng kim loại,327974
"4-cell Li-ion, 70 Wh",Windows 11 Home SL,2023,Dài 369 mm - Rộng 259.4 mm - Dày 23.9 mm - 2.33 kg,Vỏ nhựa,325002
80 Wh,Windows 11 Pro,2025,Dài 339.55 mm - Rộng 228.5 mm - Dày 12.9 mm - 1.4 kg,Vỏ kim loại - Nhôm,339662
"4-cell Li-Polymer, 99 Wh",Windows 11 Home SL,2025,Dài 357 mm - Rộng 254 mm - Dày 29 mm - 2.5 kg,Vỏ nhựa,337841
"3-cell Li-ion, 63 Wh",Windows 11 Home + Office Home 2024 + Microsoft 365 Basic,2025,Dài 357 mm - Rộng 250.7 mm - Dày 22 mm - 1.95 kg,Vỏ nhựa,342752
"4-cell, 54Wh",Windows 11 Home SL + Office Home & Student 2021 vĩnh viễn,2024,Dài 356.78 mm - Rộng 249.52 mm - Dày 17.37 mm - 1.87 kg,Vỏ nhựa,326864
"4-cell Li-ion, 75 Wh",Windows 11 Home SL + Office Home 2024 vĩnh viễn + Microsoft 365 Basic,,Dài 312.4 mm - Rộng 220.1 mm - Dày 14.9 mm - 1.2 kg,Vỏ kim loại - Nhôm,334802
"3-cell Li-ion, 59 Wh",Windows 11 Home SL + Office Home & Student 2021 vĩnh viễn,2024,Dài 312.9 mm - Rộng 223.5 mm - Dày 14.3 mm - 1.34 kg,Vỏ kim loại,335835
"3-cell, 50Wh",Windows 11 Home SL + Office Home 2024 vĩnh viễn + Microsoft 365 Basic,2025,Dài 357 mm - Rộng 250.6 mm - Dày 19.9 mm - 1.88 kg,Vỏ nhựa,339234
75 Wh,Windows 11 Home SL + Office Home 2024 vĩnh viễn + Microsoft 365 Basic,2025,Dài 312.93 mm - Rộng 203.5 mm - Dày 14.55 mm - 1.23 kg,Vỏ kim loại - Nhôm,337236
"4-cell Li-ion, 75 Wh",Windows 11 Home SL,2025,Dài 315.6 mm - Rộng 235.5 mm - Dày 21.6 mm - 1.625 kg,Vỏ nhựa,339951
"3-cell Li-ion, 41 Wh",Windows 11 Home SL + Office Home & Student 2021 vĩnh viễn,2023,Dài 358.5 mm - Rộng 235.56 mm - Dày 18.99 mm - 1.66 kg,Vỏ nhựa,327509
"3-cell Li-ion, 42 Wh",Windows 11 Home SL,2024,Dài 322.17 mm - Rộng 219.43 mm - Dày 19.34 mm - 1.5 kg,Vỏ nhựa,334805
"3-cell, 48Wh",Windows 11 Home SL,2024,Dài 359 mm - Rộng 256 mm - Dày 24.5 mm - 2.3 kg,Vỏ nhựa - nắp lưng bằng kim loại,322269
60 Wh,Windows 11 Home SL,,Dài 314.4 mm - Rộng 222.1 mm - Dày 17.9 mm - 1.43 kg,Vỏ nhựa - nắp lưng bằng kim loại,335551
"3-cell Li-ion, 57 Wh",Windows 11 Home SL,2024,Dài 299 mm - Rộng 213.16 mm - Dày 17.75 mm - 1.15 kg,Vỏ kim loại - Nhôm,338313
"4-cell Li-ion, 70 Wh",Windows 11 Home SL,2025,Dài 357 mm - Rộng 250.6 mm - Dày 17.9 mm - 1.7 kg,Vỏ kim loại - Nắp lưng bằng nhựa,342758
"4-cell, 72Wh",Windows 11 Home SL + Office Home & Student 2021 vĩnh viễn,2024,Dài 310.3 mm - Rộng 214.7 mm - Dày 12.9 mm - 1.2 kg,Vỏ kim loại - Nhôm,330579
"3-cell Li-ion, 42 Wh",Windows 11 Home SL + Office Home 2024 vĩnh viễn + Microsoft 365 Basic,2025,Dài 315.2 mm - Rộng 223.4 mm - Dày 17.9 mm - 1.46 kg,Vỏ nhựa,334806
"4-cell Li-Po, 75 Wh",Windows 11 Home SL,2025,Dài 359 mm - Rộng 262 mm - Dày 25.5 mm - 2.4 kg,Vỏ nhựa,341609
80 Wh,Windows 11 Home SL + Office Home 2024 vĩnh viễn,2025,Dài 364.38 mm - Rộng 275.94 mm - Dày 26.65 mm - 2.57 kg,Vỏ kim loại - Nhôm,339541
"3-cell Li-ion, 41 Wh",Windows 11 Home SL + Office Home & Student 2021 vĩnh viễn,2023,Dài 358.5 mm - Rộng 235.56 mm - Dày 16.96 mm - 1.66 kg,Vỏ nhựa,325242
"3-cell Li-ion, 63 Wh",Windows 11 Home SL,2023,Dài 317.1 mm - Rộng 222.5 mm - Dày 18.9 mm - 1.4 kg,Vỏ nhựa,311117
80 Wh,Windows 11 Home SL + Office Home 2024 vĩnh viễn,2025,Dài 364.38 mm - Rộng 275.94 mm - Dày 26.65 mm - 2.57 kg,Vỏ kim loại - Nhôm,339542
"3-cell, 54 Wh",Windows 11 Home SL + Office Home 2024 vĩnh viễn + Microsoft 365 Basic,2025,Dài 314 mm - Rộng 223.7 mm - Dày 17.9 mm - 1.53 kg,Vỏ kim loại - Nhôm,339682
"3-cell Li-ion, 41 Wh",Windows 11 Home SL + Office Home & Student 2021 vĩnh viễn,2024,Dài 358.5 mm - Rộng 235.56 mm - Dày 18.99 mm - 1.9 kg,Vỏ nhựa,327982
"4-cell Li-ion, 75 Wh",Windows 11 Home SL,2024,Dài 310.5 mm - Rộng 221.9 mm - Dày 15.9 mm - 1.3 kg,Vỏ kim loại - Nhôm,328239
"4-cell Li-Po, 75 Wh",Windows 11 Home SL,2025,Dài 359 mm - Rộng 262 mm - Dày 25.5 mm - 2.4 kg,Vỏ nhựa,341610
"4-cell Li-ion, 90 Wh",Windows 11 Home SL,2023,Dài 354 mm - Rộng 251 mm - Dày 24.9 mm - 2.2 kg,Vỏ nhựa - nắp lưng bằng kim loại,320434
80 Wh,Windows 11 Home SL + Office Home 2024 vĩnh viễn,2025,Dài 364.38 mm - Rộng 268.06 mm - Dày 25.95 mm - 2.43 kg,Vỏ nhựa - nắp lưng bằng kim loại,339650
"3-cell, 54 Wh",Windows 11 Home SL + Office Home 2024 vĩnh viễn + Microsoft 365 Basic,2025,Dài 314 mm - Rộng 223.75 mm - Dày 17.9 mm - 1.53 kg,Vỏ kim loại - Nhôm,340563
"6-cell Li-ion, 96 Wh",Windows 11 Home SL + Office Home 2024 + Microsoft 365 Basic 1 năm,2025,Dài 356.98 mm - Rộng 265.43 mm - Dày 18.61 mm - 2.49 kg,Vỏ nhựa - nắp lưng bằng kim loại,341564
"3-cell Li-ion, 41 Wh",Windows 11 Home SL + Office Home & Student 2021 vĩnh viễn,2023,Dài 358.5 mm - Rộng 235.56 mm - Dày 16.96 ~ 18.99 mm - 1.66 kg,Vỏ nhựa,309243
"4-cell, 65Wh",Windows 11 Home SL,2024,Dài 359 mm - Rộng 266.44 mm - Dày 21.81 mm - 2.38 kg,Vỏ nhựa,325583
57Wh,Windows 11 Pro,2025,Dài 312.8 mm - Rộng 214.75 mm - Dày 17.95 mm - 1.006 kg,Mặt trên Sợi Carbon - Mặt dưới nhôm,339660
"4-cell, 54Wh",Windows 11 Home SL + Office Home & Student 2021 vĩnh viễn,,Dài 314 mm - Rộng 226.15 mm - Dày 18.9 mm - 1.74 kg,Vỏ nhựa,329851
"4-cell Li-ion, 75 Wh",Windows 11 Home SL + Office Home 2024 vĩnh viễn + Microsoft 365 Basic,2025,Dài 312.4 mm - Rộng 220.1 mm - Dày 14.9 mm - 1.28 kg,Vỏ kim loại - Nhôm,334797
"3-cell, 54 Wh",Windows 11 Home SL,2024,Dài 305.7 mm - Rộng 207.5 mm - Dày 18.44 mm - 1.23 kg,Vỏ nhựa,335181
80 Wh,Windows 11 Home SL + Office Home 2024 vĩnh viễn,2025,Dài 344.9 mm - Rộng 255.35 mm - Dày 21.54 mm - 1.9 kg,Vỏ nhựa - nắp lưng bằng kim loại,340488
"3-cell Li-ion, 63 Wh",Windows 11 Home SL,2025,Dài 357 mm - Rộng 250.7 mm - Dày 22 mm - 1.95 kg,Vỏ nhựa,339689
"Li-ion, 60 Wh",Windows 11 Home SL,2025,Dài 313.4 mm - Rộng 222 mm - Dày 16.9 mm - 1.39 kg,Vỏ kim loại - Nhôm,342495
"4-cell, 90 Wh",Windows 11 Home SL,2024,Dài 382 mm - Rộng 260 mm - Dày 19 mm - 2.49 kg,Vỏ kim loại,325575
"Li-ion, 60 Wh",Windows 11 Home SL,2025,Dài 313.4 mm - Rộng 222 mm - Dày 16.9 mm - 1.39 kg,Vỏ kim loại - Nhôm,342497
"6-cell Li-ion, 96 Wh",Windows 11 Home SL + Office Home 2024 + Microsoft 365 Basic 1 năm,2025,Dài 356.98 mm - Rộng 265.43 mm - Dày 18.61 mm - 2.49 kg,Vỏ nhựa - nắp lưng bằng kim loại,341566
"4-cell, 99.9Wh",Windows 11 Home SL,2024,Dài 358.4 mm - Rộng 254.4 mm - Dày 18.95 mm - 1.5 kg,Vỏ nhựa - nắp lưng bằng kim loại,332350
"4-cell Li-ion, 75 Wh",Windows 11 Home SL,2024,Dài 299 mm - Rộng 210 mm - Dày 16.9 mm - 0.99 kg,Vỏ kim loại,332352
"6-cell Li-ion, 96 Wh",Windows 11 Home SL + Office Home 2024 + Microsoft 365 Basic 1 năm,2025,Dài 356.98 mm - Rộng 265.43 mm - Dày 22.7 mm - 2.57 kg,Vỏ nhựa - nắp lưng bằng hợp kim nhôm,341565
"4-cell, 99.9Wh",Windows 11 Home SL,2025,Dài 404 mm - Rộng 307.5 mm - Dày 32.05 mm - 3.6 kg,Vỏ kim loại,335010
"6-cell Li-ion, 96 Wh",Windows 11 Home SL + Office Home 2024 + Microsoft 365 Basic 1 năm,2025,Dài 356.98 mm - Rộng 265.43 mm - Dày 18.61 mm - 2.49 kg,Vỏ nhựa - nắp lưng bằng kim loại,341567
"4-cell, 99.9Wh",Windows 11 Home SL,2025,Dài 404 mm - Rộng 307.5 mm - Dày 32.05 mm - 3.6 kg,Vỏ nhựa - nắp lưng bằng kim loại,335112
"4-cell, 99.9Wh",Windows 11 Home SL,2025,Dài 399.99 mm - Rộng 289.67 mm - Dày 23.99 mm - 2.89 kg,Nhôm - Magie,335113
"4-cell Li-Po, 54 Wh",Windows 11 Home SL + Office Home 2024 vĩnh viễn,2025,Dài 358.5 mm - Rộng 235.6 mm - Dày 19 mm - 1.65 kg,Vỏ nhựa,342756
"Li-Po, 53.8 Wh",macOS Sequoia,03/2025,Dài 304.1 mm - Rộng 215 mm - Dày 11.3 mm - 1.24 kg,Vỏ nhôm tái chế 100%,342024
Lên đến 18 giờ,macOS,2020,Dài 304.1 mm - Rộng 212.4 mm - Dày 4.1 mm đến 16.1 mm - 1.29 kg,Vỏ kim loại nguyên khối,231244
"3-cell Li-Po, 52.4 Wh",Windows 11 Home SL,2025,Dài 359 mm - Rộng 254 mm - Dày 21.7 mm - 1.86 kg,Nắp lưng và chiếu nghỉ tay bằng kim loại,342942
"3-cell Li-ion, 41 Wh",Windows 11 Home SL,2025,Dài 358 mm - Rộng 235 mm - Dày 17 mm - 1.63 kg,Vỏ nhựa,342755
"4-cell Li-ion, 60 Wh",Windows 11 Home SL,2025,Dài 359.86 mm - Rộng 258.7 mm - Dày 23.9 mm - 2.4 kg,Vỏ nhựa,342507
"3-cell Li-ion, 41 Wh",Windows 11 Home SL,2025,Dài 359.8 mm - Rộng 236 mm - Dày 18.6 mm - 1.65 kg,Vỏ nhựa,341621
"Li-ion, 80 Wh",Windows 11 Home SL + Office Home 2024 vĩnh viễn,2025,Dài 344.9 mm - Rộng 255.35 mm - Dày 21.54 mm - 1.9 kg,Vỏ nhựa - Nắp lưng bằng nhôm,342519
"3-cell Li-Po, 46.8 Wh",Windows 11 Home SL,2024,Dài 358.9 mm - Rộng 235.9 mm - Dày 19.9 mm - 1.7 kg,Vỏ nhựa,342941
"2 cell Li-ion, 40.2 Wh",Chrome OS,2023,Dài 287.9 mm - Rộng 202.3 mm - Dày 15.9 mm - 1.06 kg,Vỏ nhựa,328599
"Li-Po, 72.4 Wh",macOS Sequoia,10/2024,Dài 312.6 mm - Rộng 221.2 mm - Dày 15.5 mm - 1.62 kg,Vỏ nhôm tái chế 100%,332451
"Li-Po, 53.8 Wh",macOS Sequoia,03/2025,Dài 304.1 mm - Rộng 215 mm - Dày 11.3 mm - 1.24 kg,Vỏ nhôm tái chế 100%,335366
"3-cell Li-ion, 41 Wh",Windows 11 Home SL,2024,Dài 359.8 mm - Rộng 236 mm - Dày 18.6 mm - 1.65 kg,Vỏ nhựa,341622
"3-cell Li-ion, 42 Wh",Windows 11 Home SL,2023,Dài 359.7 mm - Rộng 232.5 mm - Dày 17.9 mm - 1.7 kg,Vỏ nhựa,305009
"3-cell, 56Wh",Windows 11 Pro,2024,Dài 300 mm - Rộng 216.1 mm - Dày 16.2 mm - 1.4 kg,Vỏ kim loại,331523
"Li-Po, 72.4 Wh",macOS Sequoia,10/2024,Dài 312.6 mm - Rộng 221.2 mm - Dày 15.5 mm - 1.55 kg,Vỏ nhôm tái chế 100%,331567
"Li-Po, 53.8 Wh",macOS Sequoia,03/2025,Dài 304.1 mm - Rộng 215 mm - Dày 11.3 mm - 1.24 kg,Vỏ nhôm tái chế 100%,335369
"4-cell Li-ion, 74.5 Wh",Windows 11 Pro,2025,Dài 312.2 mm - Rộng 214.6 mm - Dày 13.1 mm - 1.49 kg,Vỏ kim loại,339558
"4-cell, 75 Wh",Windows 11 Home SL,2025,Dài 359 mm - Rộng 262 mm - Dày 25.5 mm - 2.4 kg,Vỏ nhựa,341613
"2 cell Li-ion, 42.3 Wh",Chrome OS,2023,Dài 327.1 mm - Rộng 225.6 mm - Dày 15.9 mm - 1.145 kg,Vỏ nhựa,328598
"3-cell, 56Wh",Windows 11 Home SL,2024,Dài 300 mm - Rộng 216.1 mm - Dày 16.2 mm - 1.4 kg,Vỏ kim loại,331522
"Li-Po, 72.4 Wh",macOS Sequoia,10/2024,Dài 312.6 mm - Rộng 221.2 mm - Dày 15.5 mm - 1.55 kg,Vỏ nhôm tái chế 100%,332448
"4-cell Li-ion, 99 Wh",Windows 11 Home SL,2024,Dài 356 mm - Rộng 254 mm - Dày 27 mm - 2.345 kg,Vỏ nhựa,334694
"3-cell Li-ion, 59 Wh",Windows 11 Pro,2024,Dài 312.9 mm - Rộng 223.5 mm - Dày 8.47 mm - 1.326 kg,Vỏ kim loại,337040
"4-cell Li-ion, 73 Wh",Windows 11 Home SL,2024,Dài 361 mm - Rộng 259 mm - Dày 28.9 mm - 2.533 kg,Vỏ nhựa,337844
"4-cell Li-ion, 75 Wh",Windows 11 Home SL + Office Home 2024 vĩnh viễn + Microsoft 365 Basic,2025,Dài 312.4 mm - Rộng 220.1 mm - Dày 14.9 mm - 1.2 kg,Vỏ kim loại - Nhôm,339235
"4-cell Li-ion, 78 Wh",Windows 11 Home SL + Office Home 2024 vĩnh viễn + Microsoft 365 Basic,2025,Dài 353.6 mm - Rộng 243 mm - Dày 12.9 mm - 1.5 kg,Vỏ kim loại - Nhôm,339236
"6-cell Li-Po, 64 Wh",Windows 11 Home SL + Office Home 2024 vĩnh viễn,2025,Dài 313.7 mm - Rộng 216.2 mm - Dày 14.9 mm - 1.327 kg,Vỏ hợp kim Nhôm,341269
"2-cell Li-Po, 70 Wh",Windows 11 Home SL + Office Home 2024 vĩnh viễn,2025,Dài 312 mm - Rộng 219.3 mm - Dày 13.9 mm - 1.19 kg,Vỏ nhôm,342505
"4-cell, 76Wh",Windows 11 Home SL,2022,Dài 354 mm - Rộng 251 mm - Dày 20.7 mm - 2 kg,Vỏ nhựa - nắp lưng bằng kim loại,284343
"6-cell Li-ion, 71 Wh",Windows 11 Home SL,2024,Dài 313 mm - Rộng 233.5 mm - Dày 16.9 mm - 1.63 kg,Vỏ kim loại,332274
"4-cell, 90 Wh",Windows 11 Home SL,2025,Dài 357 mm - Rộng 284 mm - Dày 28.55 mm - 2.7 kg,Vỏ nhựa - nắp lưng bằng kim loại,335015
"4-cell Li-ion, 99.98 Wh",Windows 11 Pro,,Dài 400.96 mm - Rộng 307.9 mm - Dày 29.55 mm - 3.5 kg,Vỏ nhựa - nắp lưng bằng kim loại,335963
"4-cell Li-ion, 99.98 Wh",Windows 11 Pro,2025,Dài 400.96 mm - Rộng 307.9 mm - Dày 29.55 mm - 3.5 kg,Vỏ nhựa - nắp lưng bằng kim loại,335964
"6-cell Li-Po, 64 Wh",Windows 11 Home SL + Office Home 2024 vĩnh viễn,2025,Dài 313.7 mm - Rộng 216.2 mm - Dày 14.9 mm - 1.33 kg,Vỏ hợp kim Nhôm,341268
"4-cell, 99.9Wh",Windows 11 Home SL,2025,Dài 358.4 mm - Rộng 254.4 mm - Dày 18.95 mm - 1.5 kg,Vỏ kim loại,341572
"4-cell, 99.9Wh",Windows 11 Home,2025,Dài 355.8 mm - Rộng 259.7 mm - Dày 19.95 mm - 2.1 kg,Vỏ kim loại,341573
"2-cell Li-Po, 70 Wh",Windows 11 Home SL + Office Home 2024 vĩnh viễn,2025,Dài 312 mm - Rộng 219.3 mm - Dày 13.9 mm - 1.19 kg,Vỏ nhôm,342504
57 Wh Li-ion,Windows 11 Pro,2025,Dài 312.8 mm - Rộng 217.65 mm - Dày 18.3 mm - 1.22 kg,Vỏ nhôm,342508
"Li-Polymer, 80 Wh",Windows 11 Home SL + Office Home 2024 vĩnh viễn,2025,Dài 344.9 mm - Rộng 255.35 mm - Dày 21.54 mm - 1.9 kg,Vỏ nhựa - Nắp lưng bằng nhôm,342517
"4-cell Li-Polymer, 80 Wh",Windows 11 Home SL + Office Home 2024 vĩnh viễn,2025,Dài 344.9 mm - Rộng 255.35 mm - Dày 21.54 mm - 1.9 kg,Nắp lưng và chiếu nghỉ tay bằng nhôm,342523
"6-cell Li-Po, 83 Wh",Windows 11 Home SL,2025,Dài 357.5 mm - Rộng 269 mm - Dày 25.4 mm - 2.43 kg,Vỏ nhựa,342721
"3-cell Li-ion, 41 Wh",Windows 11 Home SL,2025,Dài 359.8 mm - Rộng 236 mm - Dày 18.6 mm - 1.59 kg,Vỏ nhựa,342725
