Card màn hình,data_id,Số nhân GPU,Công suất đồ hoạ - TGP,Hiệu năng xử lý AI (TOPS)
"['Card tích hợp - AMD Radeon Graphics', 'Card tích hợp']",327098,,,
"['Card tích hợp - AMD Radeon Graphics', 'Card tích hợp']",311178,,,
"['Card tích hợp - Intel UHD Graphics', 'Card tích hợp', 'Intel UHD Graphics']",334442,,,
"['Card tích hợp - 8 nhân GPU', 'Card tích hợp']",335362,,,
"['Card tích hợp - Intel Iris Xe Graphics', 'Card tích hợp', 'Intel Iris Xe Graphics']",337470,,,
"['Card tích hợp - Intel UHD Graphics', 'Card tích hợp', 'Intel UHD Graphics']",336967,,,
"['Card tích hợp - Intel Iris Xe Graphics', 'Card tích hợp', 'Intel Iris Xe Graphics']",321192,,,
"['Card tích hợp - Intel UHD Graphics', 'Card tích hợp', 'Intel UHD Graphics']",338207,,,
"['Card tích hợp - Intel UHD Graphics', 'Card tích hợp', 'Intel UHD Graphics']",334792,,,
"['Card tích hợp - Intel UHD Graphics', 'Card tích hợp', 'Intel UHD Graphics']",334450,,,
"['Card rời - NVIDIA GeForce RTX 3050, 6 GB', 'Card rời']",333427,Hãng không công bố,,
"['Card rời - NVIDIA GeForce RTX 2050, 4 GB', 'Card rời']",326124,,,
"['Card tích hợp - 8 nhân GPU', 'Card tích hợp']",289472,,,
"['Card tích hợp - Intel Iris Xe Graphics', 'Card tích hợp', 'Intel Iris Xe Graphics']",334803,,,
"['Card rời - NVIDIA GeForce RTX 3050, 6 GB', 'Card rời']",335556,2304 CUDA Cores,65 W,Lên đến 142 TOPS
"['Card tích hợp - Intel Graphics', 'Card tích hợp']",338323,,,
"['Card tích hợp - Intel UHD Graphics', 'Card tích hợp', 'Intel UHD Graphics']",326050,,,
"['Card tích hợp - Intel UHD Graphics (Iris Xe Graphics chỉ hoạt động với RAM kênh đôi)', 'Card tích hợp']",334996,,,
"['Card tích hợp - Intel Iris Xe Graphics', 'Card tích hợp', 'Intel Iris Xe Graphics']",331362,,,
"['Card tích hợp - AMD Radeon 610M Graphics', 'Card tích hợp']",325500,,,
"['Card tích hợp - Intel UHD Graphics', 'Card tích hợp', 'Intel UHD Graphics']",340564,,,
"['Card tích hợp - Intel Iris Xe Graphics', 'Card tích hợp', 'Intel Iris Xe Graphics']",338311,,,
"['Card tích hợp - Intel Iris Xe Graphics', 'Card tích hợp', 'Intel Iris Xe Graphics']",323920,,,
"['Card tích hợp - Intel UHD Graphics', 'Card tích hợp', 'Intel UHD Graphics']",334997,Hãng không công bố,,
"['Card tích hợp - 10 nhân GPU', 'Card tích hợp']",335372,,,
"['Card rời - NVIDIA GeForce RTX 3050, 4 GB', 'Card rời', 'NVIDIA GeForce RTX 3050, 4 GB']",326279,,,
"['Card tích hợp - Intel Iris Xe Graphics', 'Card tích hợp', 'Intel Iris Xe Graphics']",310449,,,
"['Card tích hợp - Intel Iris Xe Graphics', 'Card tích hợp', 'Intel Iris Xe Graphics']",340486,,,
"['Card tích hợp - Intel UHD Graphics', 'Card tích hợp', 'Intel UHD Graphics']",334446,,,
"['Card tích hợp - Intel Iris Xe Graphics', 'Card tích hợp', 'Intel Iris Xe Graphics']",339679,,,
"['Card rời - NVIDIA GeForce RTX 2050, 4 GB', 'Card rời']",333430,Hãng không công bố,,
"['Card rời - NVIDIA GeForce RTX 3050, 4 GB', 'Card rời', 'NVIDIA GeForce RTX 3050, 4 GB']",328235,,,
"['Card rời - NVIDIA GeForce RTX 2050, 4 GB', 'Card rời']",321467,2048 CUDA Cores,45 W,
"['Card tích hợp - Intel UHD Graphics', 'Card tích hợp', 'Intel UHD Graphics']",337233,,,
"['Card rời - NVIDIA GeForce RTX 2050, 4 GB', 'Card rời']",328237,,,
"['Card tích hợp - AMD Radeon Graphics', 'Card tích hợp']",337420,,,
"['Card tích hợp - AMD Radeon Graphics', 'Card tích hợp']",334999,,,
"['Card rời - NVIDIA GeForce RTX 3050, 6 GB', 'Card rời']",338204,2304 CUDA Cores,70 W,
"['Card rời - NVIDIA GeForce RTX 2050, 4 GB', 'Card rời']",329786,,,
"['Card rời - NVIDIA GeForce RTX 3050, 6 GB', 'Card rời']",341563,,,
"['Card tích hợp - Intel Graphics', 'Card tích hợp']",326830,Hãng không công bố,,
"['Card tích hợp - Intel Graphics', 'Card tích hợp']",339683,,,
"['Card tích hợp - Intel Iris Xe Graphics', 'Card tích hợp', 'Intel Iris Xe Graphics']",333886,Hãng không công bố,,
"['Card rời - NVIDIA GeForce RTX 2050, 4 GB', 'Card rời']",332365,2048 CUDA Cores,65 W,
"['Card tích hợp - Intel Iris Xe Graphics', 'Card tích hợp', 'Intel Iris Xe Graphics']",333104,,,
"['Card tích hợp - Intel Iris Xe Graphics', 'Card tích hợp', 'Intel Iris Xe Graphics']",311176,,,
"['Card rời - NVIDIA GeForce RTX 4050, 6 GB', 'Card rời']",341612,,,
"['Card tích hợp - AMD Radeon Graphics', 'Card tích hợp']",343120,,,
"['Card rời - NVIDIA GeForce RTX 3050, 6 GB', 'Card rời']",335554,2040 CUDA Cores,95 W,Lên đến 142 TOPS
"['Card tích hợp - Intel Iris Xe Graphics', 'Card tích hợp', 'Intel Iris Xe Graphics']",325247,,,
"['Card tích hợp - Intel Iris Xe Graphics', 'Card tích hợp', 'Intel Iris Xe Graphics']",325691,,,
"['Card rời - NVIDIA GeForce RTX 3050, 4 GB', 'Card rời', 'NVIDIA GeForce RTX 3050, 4 GB']",328238,,,
"['Card tích hợp - Intel UHD Graphics', 'Card tích hợp', 'Intel UHD Graphics']",338206,,,
"['Card rời - NVIDIA GeForce RTX 4050, 6 GB', 'Card rời']",327872,,,
"['Card tích hợp - Intel Iris Xe Graphics', 'Card tích hợp', 'Intel Iris Xe Graphics']",337476,,,
"['Card tích hợp - AMD Radeon Graphics', 'Card tích hợp']",326049,,,
"['Card tích hợp - 10 nhân GPU', 'Card tích hợp']",331564,,,
"['Card rời - NVIDIA GeForce RTX 3050, 6 GB', 'Card rời']",326122,,,
"['Card tích hợp - AMD Radeon Graphics', 'Card tích hợp']",343121,,,
"['Card rời - NVIDIA GeForce RTX 3050, 6 GB', 'Card rời']",339687,,,
"['Card rời - NVIDIA GeForce RTX 4050, 6 GB', 'Card rời']",338278,2560 CUDA Cores,,
"['Card rời - NVIDIA GeForce RTX 3050, 4 GB', 'Card rời', 'NVIDIA GeForce RTX 3050, 4 GB']",338324,,,
"['Card tích hợp - Intel UHD Graphics', 'Card tích hợp', 'Intel UHD Graphics']",337474,,,
"['Card tích hợp - Intel Iris Xe Graphics', 'Card tích hợp', 'Intel Iris Xe Graphics']",311177,,,
"['Card rời - NVIDIA GeForce RTX 3050, 6 GB', 'Card rời']",322072,2040 CUDA Cores,95 W,
"['Card tích hợp - Intel UHD Graphics', 'Card tích hợp', 'Intel UHD Graphics']",328906,,,
"['Card rời - NVIDIA GeForce RTX 4060, 8 GB', 'Card rời']",310447,,,
"['Card tích hợp - Intel UHD Graphics', 'Card tích hợp', 'Intel UHD Graphics']",343122,,,
"['Card tích hợp - Intel Iris Xe Graphics', 'Card tích hợp', 'Intel Iris Xe Graphics']",339681,,,
"['Card tích hợp - Intel Iris Xe Graphics', 'Card tích hợp', 'Intel Iris Xe Graphics']",340560,,,
"['Card tích hợp - Intel Iris Xe Graphics', 'Card tích hợp', 'Intel Iris Xe Graphics']",341270,,,
"['Card rời - NVIDIA GeForce RTX 2050, 4 GB', 'Card rời']",330162,,,
"['Card tích hợp - Intel UHD Graphics', 'Card tích hợp', 'Intel UHD Graphics']",338318,,,
"['Card rời - NVIDIA GeForce RTX 2050, 4 GB', 'Card rời']",318163,2048 CUDA Cores,30 W - 45 W,
"['Card rời - NVIDIA GeForce RTX 3050, 6 GB', 'Card rời']",339857,2304 CUDA Cores,,
"['Card rời - NVIDIA GeForce RTX 3050, 6 GB', 'Card rời']",335553,2040 CUDA Cores,95 W,Lên đến 142 TOPS
"['Card tích hợp - Intel UHD Graphics (Iris Xe Graphics chỉ hoạt động với RAM kênh đôi)', 'Card tích hợp']",328814,,,
"['Card rời - NVIDIA GeForce RTX 4050, 6 GB', 'Card rời']",327707,,,
"['Card tích hợp - 10 nhân GPU', 'Card tích hợp']",331566,,,
"['Card rời - NVIDIA GeForce RTX 5050, 8 GB', 'Card rời']",341607,2560 CUDA Cores,35 W - 100 W,Lên đến 440 TOPS
"['Card rời - NVIDIA GeForce RTX 3050, 6 GB', 'Card rời']",327050,2040 CUDA Cores,95 W,
"['Card tích hợp - Intel Iris Xe Graphics', 'Card tích hợp', 'Intel Iris Xe Graphics']",340559,,,
"['Card tích hợp - Intel Iris Xe Graphics', 'Card tích hợp', 'Intel Iris Xe Graphics']",336036,,,
"['Card rời - NVIDIA GeForce RTX 4050, 6 GB', 'Card rời']",325697,,,
"['Card rời - NVIDIA GeForce RTX 2050, 4 GB', 'Card rời']",334998,,,
"['Card tích hợp - Intel Iris Xe Graphics', 'Card tích hợp', 'Intel Iris Xe Graphics']",328949,Hãng không công bố,,
"['Card tích hợp - Intel Graphics', 'Card tích hợp']",337042,,,
"['Card tích hợp - Intel Graphics', 'Card tích hợp']",326831,,,
"['Card tích hợp - Intel Graphics', 'Card tích hợp']",327097,,,
"['Card tích hợp - Intel UHD Graphics', 'Card tích hợp', 'Intel UHD Graphics']",335555,,,
"['Card tích hợp - Intel Iris Xe Graphics', 'Card tích hợp', 'Intel Iris Xe Graphics']",333103,,,
"['Card tích hợp - Intel Arc Graphics', 'Card tích hợp']",341602,,,
"['Card rời - NVIDIA GeForce RTX 3050, 4 GB', 'Card rời', 'NVIDIA GeForce RTX 3050, 4 GB']",330932,,,
"['Card rời - NVIDIA GeForce RTX 4050, 6 GB', 'Card rời']",334689,2560 CUDA Cores,75 W,Lên đến 194 TOPS
"['Card tích hợp - Intel Iris Xe Graphics', 'Card tích hợp', 'Intel Iris Xe Graphics']",338316,,,
"['Card tích hợp - Intel Iris Xe Graphics', 'Card tích hợp', 'Intel Iris Xe Graphics']",341618,,,
"['Card tích hợp - Intel UHD Graphics', 'Card tích hợp', 'Intel UHD Graphics']",338322,,,
"['Card tích hợp - Intel Iris Xe Graphics', 'Card tích hợp', 'Intel Iris Xe Graphics']",333102,,,
"['Card tích hợp - Intel UHD Graphics', 'Card tích hợp', 'Intel UHD Graphics']",334794,,,
"['Card tích hợp - Intel UHD Graphics', 'Card tích hợp', 'Intel UHD Graphics']",339202,,,
"['Card tích hợp - AMD Radeon Graphics', 'Card tích hợp']",322222,,,
"['Card tích hợp - Intel Iris Xe Graphics', 'Card tích hợp', 'Intel Iris Xe Graphics']",340479,,,
"['Card tích hợp - AMD Radeon 780M', 'Card tích hợp']",334449,,,
"['Card tích hợp - AMD Radeon 860M', 'Card tích hợp']",339587,,,
"['Card tích hợp - 16 nhân GPU', 'Card tích hợp']",331568,,,
"['Card rời - NVIDIA GeForce RTX 4050, 6 GB', 'Card rời']",326861,,,
"['Card tích hợp - Intel Graphics', 'Card tích hợp']",337044,,,
"['Card tích hợp - AMD Radeon 840M', 'Card tích hợp']",339581,,,
"['Card tích hợp - Intel Iris Xe Graphics', 'Card tích hợp', 'Intel Iris Xe Graphics']",337472,,,
"['Card tích hợp - AMD Radeon Graphics', 'Card tích hợp']",340491,,,
"['Card tích hợp - Intel Iris Xe Graphics', 'Card tích hợp', 'Intel Iris Xe Graphics']",322270,,,
"['Card tích hợp - Intel UHD Graphics', 'Card tích hợp', 'Intel UHD Graphics']",338320,,,
"['Card rời - NVIDIA GeForce RTX 3050, 4 GB', 'Card rời', 'NVIDIA GeForce RTX 3050, 4 GB']",313177,,,
"['Card tích hợp - AMD Radeon Graphics', 'Card tích hợp']",340484,,,
"['Card rời - NVIDIA GeForce RTX 2050, 4 GB', 'Card rời']",314630,,,
"['Card tích hợp - Intel Iris Xe Graphics', 'Card tích hợp', 'Intel Iris Xe Graphics']",337475,,,
"['Card rời - NVIDIA GeForce RTX 3050, 6 GB', 'Card rời']",340004,,,
"['Card tích hợp - Intel Iris Xe Graphics', 'Card tích hợp', 'Intel Iris Xe Graphics']",340558,,,
"['Card tích hợp - Intel UHD Graphics', 'Card tích hợp', 'Intel UHD Graphics']",334795,,,
"['Card rời - NVIDIA GeForce RTX 4060, 8 GB', 'Card rời']",327896,,,
"['Card tích hợp - Intel UHD Graphics', 'Card tích hợp', 'Intel UHD Graphics']",340478,,,
"['Card tích hợp - Intel UHD Graphics', 'Card tích hợp', 'Intel UHD Graphics']",337473,,,
"['Card tích hợp - Intel Iris Xe Graphics eligible', 'Card tích hợp']",333421,,,
"['Card tích hợp - Intel UHD Graphics', 'Card tích hợp', 'Intel UHD Graphics']",332578,,,
"['Card tích hợp - Intel Graphics', 'Card tích hợp']",340481,,,
"['Card tích hợp - Intel UHD Graphics', 'Card tích hợp', 'Intel UHD Graphics']",322073,,,
"['Card rời - NVIDIA GeForce RTX 5050, 8 GB', 'Card rời']",340487,2560 CUDA Cores,115 W,Lên đến 440 TOPS
"['Card tích hợp - 16 nhân GPU', 'Card tích hợp']",332450,,,
"['Card rời - NVIDIA GeForce RTX 4050, 6 GB', 'Card rời']",308697,,,
"['Card tích hợp - Intel Iris Xe Graphics', 'Card tích hợp', 'Intel Iris Xe Graphics']",317704,,,
"['Card tích hợp - Intel Arc Graphics', 'Card tích hợp']",325479,,,
"['Card tích hợp - Intel Iris Xe Graphics', 'Card tích hợp', 'Intel Iris Xe Graphics']",333105,,,
"['Card tích hợp - Intel Iris Xe Graphics', 'Card tích hợp', 'Intel Iris Xe Graphics']",337469,,,
"['Card tích hợp - Intel Graphics', 'Card tích hợp']",337041,,,
"['Card tích hợp - Intel Iris Xe Graphics eligible', 'Card tích hợp']",333423,,,
"['Card rời - NVIDIA GeForce RTX 3050, 6 GB', 'Card rời']",341604,,,
"['Card rời - NVIDIA GeForce RTX 3050, 6 GB', 'Card rời']",313974,2304 CUDA Cores,70 W,
"['Card tích hợp - Intel Arc Graphics', 'Card tích hợp']",339656,,,
"['Card tích hợp - Intel Graphics', 'Card tích hợp']",332370,,,
"['Card rời - AMD Radeon RX 6550M, 4 GB', 'Card rời']",314849,,,
"['Card tích hợp - Intel UHD Graphics', 'Card tích hợp', 'Intel UHD Graphics']",334440,,,
"['Card tích hợp - Intel Iris Xe Graphics', 'Card tích hợp', 'Intel Iris Xe Graphics']",342469,,,
"['Card tích hợp - Intel Iris Xe Graphics', 'Card tích hợp', 'Intel Iris Xe Graphics']",327977,,,
"['Card rời - NVIDIA GeForce RTX 3050, 4 GB', 'Card rời', 'NVIDIA GeForce RTX 3050, 4 GB']",330578,,,
"['Card tích hợp - Intel Graphics', 'Card tích hợp']",337043,,,
"['Card rời - NVIDIA GeForce RTX 2050, 4 GB', 'Card rời']",319657,,,
"['Card tích hợp - Intel Graphics', 'Card tích hợp']",325953,,,
"['Card tích hợp - Intel Graphics', 'Card tích hợp']",331506,,,
"['Card tích hợp - Intel Arc Graphics', 'Card tích hợp']",333424,,,
"['Card tích hợp - Intel Iris Xe Graphics', 'Card tích hợp', 'Intel Iris Xe Graphics']",326641,,,
"['Card tích hợp - Intel Arc 140T', 'Card tích hợp']",339652,,,
"['Card rời - NVIDIA GeForce RTX 4060, 8 GB', 'Card rời']",322100,,,
"['Card tích hợp - Intel Iris Xe Graphics', 'Card tích hợp', 'Intel Iris Xe Graphics']",329853,,,
"['Card rời - NVIDIA GeForce RTX 4050, 6 GB', 'Card rời']",327898,,,
"['Card tích hợp - Intel Iris Xe Graphics', 'Card tích hợp', 'Intel Iris Xe Graphics']",341568,,,
"['Card tích hợp - Intel Iris Xe Graphics', 'Card tích hợp', 'Intel Iris Xe Graphics']",310839,,,
"['Card tích hợp - Intel Graphics', 'Card tích hợp']",340483,,,
"['Card tích hợp - Intel Iris Xe Graphics', 'Card tích hợp', 'Intel Iris Xe Graphics']",338312,,,
"['Card rời - NVIDIA GeForce RTX 3050, 6 GB', 'Card rời']",339201,,,
"['Card rời - NVIDIA GeForce RTX 2050, 4 GB', 'Card rời']",325699,Hãng không công bố,,
"['Card tích hợp - Intel Graphics', 'Card tích hợp']",339653,,,
"['Card tích hợp - Intel Graphics', 'Card tích hợp']",329736,,,
"['Card tích hợp - AMD Radeon Graphics', 'Card tích hợp']",339265,,,
"['Card tích hợp - Intel Iris Xe Graphics', 'Card tích hợp', 'Intel Iris Xe Graphics']",327710,,,
"['Card tích hợp - Intel UHD Graphics', 'Card tích hợp', 'Intel UHD Graphics']",340565,Hãng không công bố,,
"['Card tích hợp - Intel UHD Graphics', 'Card tích hợp', 'Intel UHD Graphics']",340562,,,
"['Card tích hợp - Intel Iris Xe Graphics', 'Card tích hợp', 'Intel Iris Xe Graphics']",325477,,,
"['Card rời - NVIDIA GeForce RTX 4050, 6 GB', 'Card rời']",342526,Hãng không công bố,105 W,Lên đến 194 TOPS
"['Card tích hợp - Intel UHD Graphics (Iris Xe Graphics chỉ hoạt động với RAM kênh đôi)', 'Card tích hợp']",323325,,,
"['Card tích hợp - Intel Graphics', 'Card tích hợp']",329852,,,
"['Card tích hợp - Intel Arc Graphics', 'Card tích hợp']",333425,,,
"['Card tích hợp - Intel Arc 140T', 'Card tích hợp']",339655,,,
"['Card tích hợp - Intel Iris Xe Graphics', 'Card tích hợp', 'Intel Iris Xe Graphics']",302209,,,
"['Card rời - NVIDIA GeForce RTX 4050, 6 GB', 'Card rời']",338000,,,
"['Card tích hợp - Intel Iris Xe Graphics', 'Card tích hợp', 'Intel Iris Xe Graphics']",309375,,,
"['Card tích hợp - Intel Iris Xe Graphics', 'Card tích hợp', 'Intel Iris Xe Graphics']",335170,,,
"['Card tích hợp - Intel Graphics', 'Card tích hợp']",325244,,,
"['Card rời - NVIDIA GeForce RTX 3050, 6 GB', 'Card rời']",328443,2048 CUDA Cores,75 W,Lên đến 80 TOPS
"['Card tích hợp - AMD Radeon 680M Graphics', 'Card tích hợp']",338279,,,
"['Card tích hợp - Intel UHD Graphics (Iris Xe Graphics chỉ hoạt động với RAM kênh đôi)', 'Card tích hợp']",304543,,,
"['Card tích hợp - Intel Graphics', 'Card tích hợp']",332368,,,
"['Card tích hợp - Intel UHD Graphics (Iris Xe Graphics chỉ hoạt động với RAM kênh đôi)', 'Card tích hợp']",326637,,,
"['Card rời - NVIDIA GeForce RTX 3050, 6 GB', 'Card rời']",329429,2304 CUDA Cores,70 W,
"['Card tích hợp - Intel Iris Xe Graphics', 'Card tích hợp', 'Intel Iris Xe Graphics']",328474,,,
"['Card rời - NVIDIA GeForce RTX 2050, 4 GB', 'Card rời']",328483,2048 CUDA Cores,65 W,
"['Card rời - NVIDIA GeForce RTX 3050, 4 GB', 'Card rời', 'NVIDIA GeForce RTX 3050, 4 GB']",316941,,,
"['Card tích hợp - Intel UHD Graphics', 'Card tích hợp', 'Intel UHD Graphics']",317712,,,
"['Card tích hợp - Intel UHD Graphics', 'Card tích hợp', 'Intel UHD Graphics']",340561,,,
"['Card tích hợp - Intel Iris Xe Graphics', 'Card tích hợp', 'Intel Iris Xe Graphics']",338317,,,
"['Card rời - NVIDIA GeForce RTX 4050, 6 GB', 'Card rời']",333094,,,
"['Card tích hợp - Intel UHD Graphics (Iris Xe Graphics chỉ hoạt động với RAM kênh đôi)', 'Card tích hợp']",323335,,,
"['Card rời - NVIDIA GeForce RTX 3050, 4 GB', 'Card rời', 'NVIDIA GeForce RTX 3050, 4 GB']",272282,,,
"['Card rời - NVIDIA GeForce RTX 3050, 6 GB', 'Card rời']",313973,2304 CUDA Cores,70 W,
"['Card tích hợp - AMD Radeon Graphics', 'Card tích hợp']",321436,,,
"['Card tích hợp - Intel Graphics', 'Card tích hợp']",329112,,,
"['Card rời - NVIDIA GeForce RTX 4050, 6 GB', 'Card rời']",336968,Hãng không công bố,,
"['Card tích hợp - Intel Arc Graphics', 'Card tích hợp']",339616,,,
"['Card rời - NVIDIA GeForce RTX 3050, 6 GB', 'Card rời']",329787,,,
"['Card tích hợp - Intel Iris Xe Graphics', 'Card tích hợp', 'Intel Iris Xe Graphics']",337471,,,
"['Card tích hợp - Intel Arc Graphics', 'Card tích hợp']",336031,,,
"['Card tích hợp - Intel Graphics', 'Card tích hợp']",335171,,,
"['Card tích hợp - AMD Radeon Graphics', 'Card tích hợp']",333872,,,
"['Card tích hợp - Intel UHD Graphics', 'Card tích hợp', 'Intel UHD Graphics']",326876,,,
"['Card rời - NVIDIA GeForce RTX 4050, 6 GB', 'Card rời']",337843,2560 CUDA Cores,75 W,Lên đến 194 TOPS
"['Card tích hợp - AMD Radeon Graphics', 'Card tích hợp']",327506,,,
"['Card tích hợp - AMD Radeon Graphics', 'Card tích hợp']",328815,,,
"['Card tích hợp - Intel Arc 140V', 'Card tích hợp']",333197,,,
"['Card rời - NVIDIA GeForce RTX 5070Ti, 12 GB', 'Card rời']",339952,,,
"['Card tích hợp - AMD Radeon Graphics', 'Card tích hợp']",313627,,,
"['Card rời - NVIDIA GeForce RTX 4050, 6 GB', 'Card rời']",339688,,,
"['Card tích hợp - Intel Iris Xe Graphics', 'Card tích hợp', 'Intel Iris Xe Graphics']",331508,,,
"['Card tích hợp - Intel Iris Xe Graphics', 'Card tích hợp', 'Intel Iris Xe Graphics']",333107,,,
"['Card rời - NVIDIA GeForce RTX 5050, 8 GB', 'Card rời']",339684,,,
"['Card tích hợp - AMD Radeon Graphics', 'Card tích hợp']",338208,,,
"['Card tích hợp - Intel UHD Graphics (Iris Xe Graphics chỉ hoạt động với RAM kênh đôi)', 'Card tích hợp']",327406,,,
"['Card tích hợp - Intel UHD Graphics', 'Card tích hợp', 'Intel UHD Graphics']",327507,,,
"['Card rời - NVIDIA GeForce RTX 5050, 8 GB', 'Card rời']",341626,,,
"['Card rời - NVIDIA GeForce RTX 4050, 6 GB', 'Card rời']",341603,,,
"['Card tích hợp - Intel Graphics', 'Card tích hợp']",328130,,,
"['Card tích hợp - Intel Graphics', 'Card tích hợp']",339954,,,
"['Card tích hợp - Intel Arc Graphics', 'Card tích hợp']",326558,,,
"['Card rời - NVIDIA GeForce RTX 4050, 6 GB', 'Card rời']",337842,2560 CUDA Cores,75 W,Lên đến 194 TOPS
"['Card tích hợp - Intel UHD Graphics', 'Card tích hợp', 'Intel UHD Graphics']",338315,,,
"['Card rời - NVIDIA GeForce RTX 4050, 6 GB', 'Card rời']",328951,,,
"['Card tích hợp - Intel UHD Graphics (Iris Xe Graphics chỉ hoạt động với RAM kênh đôi)', 'Card tích hợp']",327409,,,
"['Card tích hợp - Intel Iris Xe Graphics', 'Card tích hợp', 'Intel Iris Xe Graphics']",328950,,,
"['Card tích hợp - Intel Iris Xe Graphics', 'Card tích hợp', 'Intel Iris Xe Graphics']",327981,,,
"['Card tích hợp - Intel Graphics', 'Card tích hợp']",341267,,,
"['Card rời - NVIDIA GeForce RTX 4050, 6 GB', 'Card rời']",318354,,,
"['Card rời - NVIDIA GeForce RTX 4050, 6 GB', 'Card rời']",325586,,,
"['Card tích hợp - Intel Arc 140V', 'Card tích hợp']",338280,,,
"['Card tích hợp - AMD Radeon 680M Graphics', 'Card tích hợp']",335549,,,
"['Card tích hợp - Intel Arc Graphics', 'Card tích hợp']",325051,,,
"['Card rời - NVIDIA GeForce RTX 3050, 6 GB', 'Card rời']",339686,,,
"['Card tích hợp - Intel Iris Xe Graphics', 'Card tích hợp', 'Intel Iris Xe Graphics']",328946,,,
"['Card tích hợp - AMD Radeon Graphics', 'Card tích hợp']",331526,,,
"['Card tích hợp - Intel Iris Xe Graphics', 'Card tích hợp', 'Intel Iris Xe Graphics']",302533,,,
"['Card tích hợp - Intel Iris Xe Graphics', 'Card tích hợp', 'Intel Iris Xe Graphics']",325480,,,
"['Card tích hợp - Intel Iris Xe Graphics', 'Card tích hợp', 'Intel Iris Xe Graphics']",328473,,,
"['Card rời - NVIDIA Geforce MX570A, 2 GB', 'Card rời']",328947,,,
"['Card tích hợp - Intel UHD Graphics', 'Card tích hợp', 'Intel UHD Graphics']",327508,,,
"['Card tích hợp - Intel Graphics', 'Card tích hợp']",342514,,,
"['Card rời - NVIDIA GeForce RTX 4060, 8 GB', 'Card rời']",325588,,,
"['Card tích hợp - Intel Arc Graphics', 'Card tích hợp']",329867,,,
"['Card rời - NVIDIA GeForce RTX 4050, 6 GB', 'Card rời']",322098,,,
"['Card rời - NVIDIA GeForce RTX 3050, 4 GB', 'Card rời', 'NVIDIA GeForce RTX 3050, 4 GB']",339953,,,
"['Card rời - NVIDIA GeForce RTX 4050, 6 GB', 'Card rời']",339211,2560 CUDA Cores,75 W,Lên đến 194 TOPS
"['Card tích hợp - Intel Iris Xe Graphics', 'Card tích hợp', 'Intel Iris Xe Graphics']",329858,,,
"['Card tích hợp - Intel Graphics', 'Card tích hợp']",331527,,,
"['Card tích hợp - Intel Iris Xe Graphics', 'Card tích hợp', 'Intel Iris Xe Graphics']",309565,,,
"['Card tích hợp - Intel Arc Graphics', 'Card tích hợp']",333098,,,
"['Card rời - NVIDIA GeForce RTX 4060, 8 GB', 'Card rời']",327901,,,
"['Card rời - NVIDIA GeForce RTX 4060, 8 GB', 'Card rời']",327900,,,
"['Card tích hợp - Intel Iris Xe Graphics', 'Card tích hợp', 'Intel Iris Xe Graphics']",326194,,,
"['Card tích hợp - Intel Arc Graphics', 'Card tích hợp']",339661,,,
"['Card rời - NVIDIA GeForce RTX 3050, 4 GB', 'Card rời', 'NVIDIA GeForce RTX 3050, 4 GB']",313332,,,
"['Card rời - NVIDIA GeForce RTX 5060, 8 GB', 'Card rời']",339647,3840 CUDA Cores,,Lên đến 572 TOPS
"['Card tích hợp - Intel Arc Graphics 130V', 'Card tích hợp']",332397,,,
"['Card tích hợp - Intel Iris Xe Graphics', 'Card tích hợp', 'Intel Iris Xe Graphics']",328945,,,
"['Card tích hợp - Intel UHD Graphics', 'Card tích hợp', 'Intel UHD Graphics']",312414,,,
"['Card rời - NVIDIA GeForce RTX 4060, 8 GB', 'Card rời']",327899,,,
"['Card tích hợp - Integrated Graphics', 'Card tích hợp', 'Integrated Graphics']",342501,,,
"['Card tích hợp - AMD Radeon Graphics', 'Card tích hợp']",333873,,,
"['Card tích hợp - Intel Iris Xe Graphics', 'Card tích hợp', 'Intel Iris Xe Graphics']",322003,,,
"['Card tích hợp - Intel UHD Graphics', 'Card tích hợp', 'Intel UHD Graphics']",335550,,,
"['Card tích hợp - AMD Radeon Graphics', 'Card tích hợp']",340006,,,
"['Card tích hợp - Intel Arc Graphics', 'Card tích hợp']",335832,,,
"['Card rời - NVIDIA Geforce MX570A, 2 GB', 'Card rời']",339680,,,
"['Card tích hợp - Intel Graphics', 'Card tích hợp']",341266,,,
"['Card tích hợp - Qualcomm Adreno GPU', 'Card tích hợp']",334800,,,
"['Card rời - NVIDIA GeForce RTX 4060, 8 GB', 'Card rời']",339212,3072 CUDA Cores,75 W,Lên đến 233 TOPS
"['Card rời - NVIDIA GeForce RTX 5060, 8 GB', 'Card rời']",339690,,,
"['Card tích hợp - Intel UHD Graphics', 'Card tích hợp', 'Intel UHD Graphics']",337237,,,
"['Card tích hợp - Intel Arc Graphics', 'Card tích hợp']",322959,,,
"['Card tích hợp - Intel Arc Graphics', 'Card tích hợp']",334796,,,
"['Card rời - NVIDIA GeForce RTX 3050, 6 GB', 'Card rời']",341623,,,
"['Card tích hợp - Intel Iris Xe Graphics', 'Card tích hợp', 'Intel Iris Xe Graphics']",326148,,,
"['Card tích hợp - Intel Arc Graphics', 'Card tích hợp']",333099,,,
"['Card tích hợp - Intel UHD Graphics', 'Card tích hợp', 'Intel UHD Graphics']",337242,,,
"['Card rời - NVIDIA GeForce RTX 4070, 8 GB', 'Card rời']",326280,,,
"['Card rời - NVIDIA GeForce RTX 3050, 6 GB', 'Card rời']",332579,,,
"['Card rời - NVIDIA GeForce RTX 5060, 8 GB', 'Card rời']",341750,,,
"['Card tích hợp - Intel UHD Graphics', 'Card tích hợp', 'Intel UHD Graphics']",338321,,,
"['Card tích hợp - AMD Radeon Graphics', 'Card tích hợp']",335172,,,
"['Card rời - NVIDIA GeForce RTX 3050, 6 GB', 'Card rời']",326059,2048 CUDA Cores,75 W,Lên đến 80 TOPS
"['Card rời - NVIDIA GeForce RTX 3050Ti, 4 GB', 'Card rời', 'NVIDIA GeForce RTX 3050Ti, 4 GB']",329337,,,
"['Card rời - NVIDIA GeForce RTX 4050, 6 GB', 'Card rời']",329789,,,
"['Card rời - NVIDIA GeForce RTX 4060, 8 GB', 'Card rời']",323585,3072 CUDA Cores,115 W,Lên đến 242 TOPS
"['Card rời - NVIDIA GeForce RTX 3050, 6 GB', 'Card rời']",341608,,,
"['Card rời - NVIDIA GeForce RTX 3050, 4 GB', 'Card rời', 'NVIDIA GeForce RTX 3050, 4 GB']",317709,,,
"['Card tích hợp - AMD Radeon Graphics', 'Card tích hợp']",334799,,,
"['Card tích hợp - Intel Graphics', 'Card tích hợp']",326824,,,
"['Card tích hợp - Intel Arc 140V', 'Card tích hợp']",335020,,,
"['Card tích hợp - Intel Arc Graphics', 'Card tích hợp']",339659,,,
"['Card rời - NVIDIA GeForce RTX 5050, 8 GB', 'Card rời']",341751,,,
"['Card rời - NVIDIA GeForce RTX 5060, 8 GB', 'Card rời']",339685,,,
"['Card tích hợp - Intel Iris Xe Graphics', 'Card tích hợp', 'Intel Iris Xe Graphics']",311145,,,
"['Card rời - NVIDIA GeForce RTX 4060, 8 GB', 'Card rời']",315892,,,
"['Card tích hợp - Intel UHD Graphics (Iris Xe Graphics chỉ hoạt động với RAM kênh đôi)', 'Card tích hợp']",327408,,,
"['Card tích hợp - Intel UHD Graphics', 'Card tích hợp', 'Intel UHD Graphics']",334444,,,
"['Card rời - NVIDIA GeForce RTX 5070, 8 GB', 'Card rời']",339648,6144 CUDA Cores,115 W,Lên đến 798 TOPS
"['Card rời - NVIDIA GeForce RTX 5050, 8 GB', 'Card rời']",341611,,,
"['Card tích hợp - Intel Arc Graphics', 'Card tích hợp']",321468,,,
"['Card rời - NVIDIA GeForce RTX 4050, 6 GB', 'Card rời']",322099,,,
"['Card tích hợp - Intel Iris Xe Graphics', 'Card tích hợp', 'Intel Iris Xe Graphics']",330165,,,
"['Card tích hợp - Intel Arc Graphics', 'Card tích hợp']",334798,,,
"['Card tích hợp - Intel Iris Xe Graphics', 'Card tích hợp', 'Intel Iris Xe Graphics']",315911,,,
"['Card rời - NVIDIA GeForce RTX 5060, 8 GB', 'Card rời']",341752,,,
"['Card tích hợp - Intel UHD Graphics', 'Card tích hợp', 'Intel UHD Graphics']",337241,,,
"['Card tích hợp - Intel Arc 140T', 'Card tích hợp']",339658,,,
"['Card tích hợp - Intel Arc Graphics', 'Card tích hợp']",320431,,,
"['Card rời - NVIDIA GeForce RTX 3050, 4 GB', 'Card rời', 'NVIDIA GeForce RTX 3050, 4 GB']",327974,,,
"['Card rời - NVIDIA GeForce RTX 4060, 8 GB', 'Card rời']",325002,3072 CUDA Cores,115 W,Lên đến 150 TOPS
"['Card tích hợp - Intel Arc 140V', 'Card tích hợp']",339662,,,
"['Card rời - NVIDIA GeForce RTX 5080, 16 GB', 'Card rời']",337841,7680 CUDA Cores,175 W,Lên đến 1334 TOPS
"['Card rời - NVIDIA GeForce RTX 5050, 8 GB', 'Card rời']",342752,2560 CUDA Cores,50 W - 100 W,Lên đến 440 TOPS
"['Card rời - NVIDIA Geforce MX570A, 2 GB', 'Card rời']",326864,,,
"['Card tích hợp - AMD Radeon Graphics', 'Card tích hợp']",334802,,,
"['Card tích hợp - Qualcomm Adreno GPU', 'Card tích hợp']",335835,,,
"['Card tích hợp - Qualcomm Adreno GPU', 'Card tích hợp']",339234,,,
"['Card tích hợp - Intel Arc 140V', 'Card tích hợp']",337236,,,
"['Card tích hợp - AMD Radeon Graphics', 'Card tích hợp']",339951,,,
"['Card tích hợp - Intel Iris Xe Graphics', 'Card tích hợp', 'Intel Iris Xe Graphics']",327509,,,
"['Card tích hợp - Intel UHD Graphics', 'Card tích hợp', 'Intel UHD Graphics']",334805,,,
"['Card rời - NVIDIA GeForce RTX 2050, 4 GB', 'Card rời']",322269,,,
"['Card tích hợp - Intel UHD Graphics', 'Card tích hợp', 'Intel UHD Graphics']",335551,,,
"['Card tích hợp - Intel Graphics', 'Card tích hợp']",338313,,,
"['Card tích hợp - Intel UHD Graphics', 'Card tích hợp', 'Intel UHD Graphics']",342758,,,
"['Card tích hợp - Intel Arc Graphics', 'Card tích hợp']",330579,,,
"['Card tích hợp - Intel Arc Graphics', 'Card tích hợp']",334806,Hãng không công bố,,
"['Card rời - NVIDIA GeForce RTX 5060, 8 GB', 'Card rời']",341609,,,
"['Card rời - NVIDIA GeForce RTX 5070Ti, 12 GB', 'Card rời']",339541,8960 CUDA Cores,,Lên đến 992 TOPS
"['Card tích hợp - Intel Iris Xe Graphics', 'Card tích hợp', 'Intel Iris Xe Graphics']",325242,,,
"['Card rời - NVIDIA GeForce RTX 3050, 4 GB', 'Card rời', 'NVIDIA GeForce RTX 3050, 4 GB']",311117,,,
"['Card rời - NVIDIA GeForce RTX 5080, 16 GB', 'Card rời']",339542,7680 CUDA Cores,175 W,Lên đến 1334 TOPS
"['Card tích hợp - Qualcomm Adreno GPU', 'Card tích hợp']",339682,,,
"['Card tích hợp - Intel Iris Xe Graphics', 'Card tích hợp', 'Intel Iris Xe Graphics']",327982,,,
"['Card tích hợp - Intel Arc Graphics', 'Card tích hợp']",328239,,,
"['Card rời - NVIDIA GeForce RTX 5060, 8 GB', 'Card rời']",341610,,,
"['Card rời - NVIDIA GeForce RTX 4050, 6 GB', 'Card rời']",320434,,,
"['Card rời - NVIDIA GeForce RTX 5060, 8 GB', 'Card rời']",339650,3840 CUDA Cores,115 W,Lên đến 572 TOPS
"['Card tích hợp - Qualcomm Adreno GPU', 'Card tích hợp']",340563,,,
"['Card rời - NVIDIA GeForce RTX 5050, 8 GB', 'Card rời']",341564,,,
"['Card tích hợp - Intel UHD Graphics (Iris Xe Graphics chỉ hoạt động với RAM kênh đôi)', 'Card tích hợp']",309243,,,
"['Card rời - NVIDIA GeForce RTX 4060, 8 GB', 'Card rời']",325583,,,
"['Card tích hợp - Intel Arc Graphics', 'Card tích hợp']",339660,,,
"['Card tích hợp - Intel Graphics', 'Card tích hợp']",329851,,,
"['Card tích hợp - Intel Arc Graphics', 'Card tích hợp']",334797,,,
"['Card tích hợp - Intel Graphics', 'Card tích hợp']",335181,,,
"['Card rời - NVIDIA GeForce RTX 5050, 8 GB', 'Card rời']",340488,2560 CUDA Cores,115 W,Lên đến 440 TOPS
"['Card rời - NVIDIA GeForce RTX 5050, 8 GB', 'Card rời']",339689,,,
"['Card tích hợp - Integrated Graphics', 'Card tích hợp', 'Integrated Graphics']",342495,,,
"['Card rời - NVIDIA GeForce RTX 4070, 8 GB', 'Card rời']",325575,,,
"['Card tích hợp - Integrated Graphics', 'Card tích hợp', 'Integrated Graphics']",342497,,,
"['Card rời - NVIDIA GeForce RTX 5060, 8 GB', 'Card rời']",341566,,,
"['Card tích hợp - Intel Arc 140V', 'Card tích hợp']",332350,,,
"['Card tích hợp - Intel Arc 140V', 'Card tích hợp']",332352,,,
"['Card rời - NVIDIA GeForce RTX 5060, 8 GB', 'Card rời']",341565,,,
"['Card rời - NVIDIA GeForce RTX 5080, 16 GB', 'Card rời']",335010,,,
"['Card rời - NVIDIA GeForce RTX 5070, 8 GB', 'Card rời']",341567,,,
"['Card rời - NVIDIA GeForce RTX 5080, 16 GB', 'Card rời']",335112,,,
"['Card rời - NVIDIA GeForce RTX 5080, 16 GB', 'Card rời']",335113,,,
"['Card tích hợp - Intel Iris Xe Graphics', 'Card tích hợp', 'Intel Iris Xe Graphics']",342756,,,
"['Card tích hợp - 8 nhân GPU', 'Card tích hợp']",342024,,,
"['Card tích hợp - 7 nhân GPU', 'Card tích hợp']",231244,,,
"['Card rời - NVIDIA GeForce RTX 3050, 4 GB', 'Card rời', 'NVIDIA GeForce RTX 3050, 4 GB']",342942,Hãng không công bố,45 W,Hãng không công bố
"['Card tích hợp - AMD Radeon Graphics', 'Card tích hợp']",342755,,,
"['Card rời - NVIDIA GeForce RTX 5050, 8 GB', 'Card rời']",342507,2560 CUDA Cores,100 W,Lên đến 440 TOPS
"['Card tích hợp - Intel Graphics', 'Card tích hợp']",341621,,,
"['Card rời - NVIDIA GeForce RTX 5050, 8 GB', 'Card rời']",342519,,115 W,Lên đến 440 TOPS
"['Card tích hợp - Intel Iris Xe Graphics', 'Card tích hợp', 'Intel Iris Xe Graphics']",342941,,,
"['Card tích hợp - Intel UHD Graphics', 'Card tích hợp', 'Intel UHD Graphics']",328599,,,
"['Card tích hợp - 32 nhân GPU', 'Card tích hợp']",332451,,,
"['Card tích hợp - 10 nhân GPU', 'Card tích hợp']",335366,,,
"['Card tích hợp - Intel Graphics', 'Card tích hợp']",341622,,,
"['Card tích hợp - Intel Iris Xe Graphics', 'Card tích hợp', 'Intel Iris Xe Graphics']",305009,,,
"['Card tích hợp - Intel Graphics', 'Card tích hợp']",331523,,,
"['Card tích hợp - 10 nhân GPU', 'Card tích hợp']",331567,,,
"['Card tích hợp - 10 nhân GPU', 'Card tích hợp']",335369,,,
"['Card tích hợp - AMD Radeon 890M Graphics', 'Card tích hợp']",339558,,,
"['Card rời - NVIDIA GeForce RTX 5050, 8 GB', 'Card rời']",341613,,,
"['Card tích hợp - Intel UHD Graphics', 'Card tích hợp', 'Intel UHD Graphics']",328598,,,
"['Card tích hợp - Intel Graphics', 'Card tích hợp']",331522,,,
"['Card tích hợp - 10 nhân GPU', 'Card tích hợp']",332448,,,
"['Card rời - NVIDIA GeForce RTX 4070, 8 GB', 'Card rời']",334694,4608 CUDA Cores,140 W,Lên đến 321 TOPS
"['Card tích hợp - Qualcomm Adreno GPU', 'Card tích hợp']",337040,,,
"['Card rời - NVIDIA GeForce RTX 4060, 8 GB', 'Card rời']",337844,3072 CUDA Cores,105 W,Lên đến 233 TOPS
"['Card tích hợp - AMD Radeon Graphics', 'Card tích hợp']",339235,,,
"['Card tích hợp - AMD Radeon Graphics', 'Card tích hợp']",339236,,,
"['Card tích hợp - Intel Arc 140V', 'Card tích hợp']",341269,,,
"['Card tích hợp - Intel Arc 140V', 'Card tích hợp']",342505,,,
"['Card rời - NVIDIA GeForce RTX 3050Ti, 4 GB', 'Card rời', 'NVIDIA GeForce RTX 3050Ti, 4 GB']",284343,,,
"['Card rời - NVIDIA GeForce RTX 4060, 8 GB', 'Card rời']",332274,3072 CUDA Cores,115 W,Lên đến 242 TOPS
"['Card rời - NVIDIA GeForce RTX 5080, 16 GB', 'Card rời']",335015,,,
"['Card rời - NVIDIA GeForce RTX 5090, 24 GB', 'Card rời']",335963,,,
"['Card rời - NVIDIA GeForce RTX 5080, 16 GB', 'Card rời']",335964,,,
"['Card tích hợp - Intel Arc 140V', 'Card tích hợp']",341268,,,
"['Card tích hợp - Intel Arc Graphics', 'Card tích hợp']",341572,,,
"['Card rời - NVIDIA GeForce RTX 5070, 8 GB', 'Card rời']",341573,,,
"['Card tích hợp - Intel Arc 140V', 'Card tích hợp']",342504,,,
"['Card tích hợp - Intel Graphics', 'Card tích hợp']",342508,,,
"['Card rời - NVIDIA GeForce RTX 5070, 8 GB', 'Card rời']",342517,4608 CUDA Cores,115 W,Lên đến 798 TOPS
"['Card rời - NVIDIA GeForce RTX 5060, 8 GB', 'Card rời']",342523,3840 CUDA Cores,115 W,Lên đến 572 TOPS
"['Card rời - NVIDIA GeForce RTX 5070, 8 GB', 'Card rời']",342721,4608 CUDA Cores,50 W - 100 W,Lên đến 798 TOPS
"['Card tích hợp - Intel Iris Xe Graphics', 'Card tích hợp', 'Intel Iris Xe Graphics']",342725,,,
